"DateTime";"Players";"Average Players";"Twitch Viewers"
"2020-04-30 00:00:00";;;12937
"2020-05-01 00:00:00";;;12
"2020-05-02 00:00:00";;;4
"2020-05-03 00:00:00";;;568
"2020-05-04 00:00:00";;;0
"2020-05-05 00:00:00";;;2
"2020-05-06 00:00:00";;;5
"2020-05-07 00:00:00";;;2973
"2020-05-08 00:00:00";;;2
"2020-05-09 00:00:00";;;4
"2020-05-10 00:00:00";;;136
"2020-05-11 00:00:00";;;4
"2020-05-12 00:00:00";;;2
"2020-05-13 00:00:00";;;393
"2020-05-14 00:00:00";;;0
"2020-05-15 00:00:00";;;0
"2020-05-16 00:00:00";;;0
"2020-05-17 00:00:00";;;4
"2020-05-18 00:00:00";;;1
"2020-05-19 00:00:00";;;0
"2020-05-20 00:00:00";;;3
"2020-05-21 00:00:00";;;3
"2020-05-22 00:00:00";;;2
"2020-05-23 00:00:00";;;5
"2020-05-24 00:00:00";;;3
"2020-05-25 00:00:00";;;0
"2020-05-26 00:00:00";;;0
"2020-05-27 00:00:00";;;6
"2020-05-28 00:00:00";;;0
"2020-05-29 00:00:00";;;0
"2020-05-30 00:00:00";;;0
"2020-05-31 00:00:00";;;0
"2020-06-01 00:00:00";;;0
"2020-06-02 00:00:00";;;0
"2020-06-03 00:00:00";;;0
"2020-06-04 00:00:00";;;0
"2020-06-05 00:00:00";;;0
"2020-06-06 00:00:00";;;0
"2020-06-07 00:00:00";;;0
"2020-06-08 00:00:00";;;0
"2020-06-09 00:00:00";;;0
"2020-06-10 00:00:00";;;0
"2020-06-11 00:00:00";;;3
"2020-06-12 00:00:00";;;0
"2020-06-13 00:00:00";;;0
"2020-06-14 00:00:00";;;0
"2020-06-15 00:00:00";;;5
"2020-06-16 00:00:00";;;0
"2020-06-17 00:00:00";;;0
"2020-06-18 00:00:00";;;7
"2020-06-19 00:00:00";;;1
"2020-06-20 00:00:00";;;3
"2020-06-21 00:00:00";;;0
"2020-06-22 00:00:00";;;0
"2020-06-23 00:00:00";;;0
"2020-06-24 00:00:00";;;0
"2020-06-25 00:00:00";;;3
"2020-06-26 00:00:00";;;2
"2020-06-27 00:00:00";;;1
"2020-06-28 00:00:00";;;0
"2020-06-29 00:00:00";;;0
"2020-06-30 00:00:00";;;6
"2020-07-01 00:00:00";;;2
"2020-07-02 00:00:00";;;0
"2020-07-03 00:00:00";;;0
"2020-07-04 00:00:00";;;0
"2020-07-05 00:00:00";;;0
"2020-07-06 00:00:00";;;9
"2020-07-07 00:00:00";;;0
"2020-07-08 00:00:00";;;13
"2020-07-09 00:00:00";;;35
"2020-07-10 00:00:00";;;0
"2020-07-11 00:00:00";;;0
"2020-07-12 00:00:00";;;32851
"2020-07-13 00:00:00";;;1152
"2020-07-14 00:00:00";;;5
"2020-07-15 00:00:00";;;4
"2020-07-16 00:00:00";;;228
"2020-07-17 00:00:00";;;2
"2020-07-18 00:00:00";;;621
"2020-07-19 00:00:00";;;3
"2020-07-20 00:00:00";;;6
"2020-07-21 00:00:00";;;5
"2020-07-22 00:00:00";;;1
"2020-07-23 00:00:00";;;2
"2020-07-24 00:00:00";;;1
"2020-07-25 00:00:00";;;2
"2020-07-26 00:00:00";;;20
"2020-07-27 00:00:00";;;24
"2020-07-28 00:00:00";;;4
"2020-07-29 00:00:00";;;0
"2020-07-30 00:00:00";;;4
"2020-07-31 00:00:00";;;0
"2020-08-01 00:00:00";;;4
"2020-08-02 00:00:00";;;0
"2020-08-03 00:00:00";;;3
"2020-08-04 00:00:00";;;2
"2020-08-05 00:00:00";;;0
"2020-08-06 00:00:00";;;0
"2020-08-07 00:00:00";;;0
"2020-08-08 00:00:00";;;7
"2020-08-09 00:00:00";;;0
"2020-08-10 00:00:00";;;0
"2020-08-11 00:00:00";;;0
"2020-08-12 00:00:00";;;0
"2020-08-13 00:00:00";;;0
"2020-08-14 00:00:00";;;0
"2020-08-15 00:00:00";;;2
"2020-08-16 00:00:00";;;2
"2020-08-17 00:00:00";;;0
"2020-08-18 00:00:00";;;0
"2020-08-19 00:00:00";;;0
"2020-08-20 00:00:00";;;0
"2020-08-21 00:00:00";;;0
"2020-08-22 00:00:00";;;0
"2020-08-23 00:00:00";;;0
"2020-08-24 00:00:00";;;0
"2020-08-25 00:00:00";;;0
"2020-08-26 00:00:00";;;0
"2020-08-27 00:00:00";;;32
"2020-08-28 00:00:00";;;0
"2020-08-29 00:00:00";;;0
"2020-08-30 00:00:00";;;5
"2020-08-31 00:00:00";;;0
"2020-09-01 00:00:00";;;0
"2020-09-02 00:00:00";;;0
"2020-09-03 00:00:00";;;0
"2020-09-04 00:00:00";;;0
"2020-09-05 00:00:00";;;0
"2020-09-06 00:00:00";;;0
"2020-09-07 00:00:00";;;0
"2020-09-08 00:00:00";;;0
"2020-09-09 00:00:00";;;0
"2020-09-10 00:00:00";;;422
"2020-09-11 00:00:00";;;0
"2020-09-12 00:00:00";;;0
"2020-09-13 00:00:00";;;0
"2020-09-14 00:00:00";;;0
"2020-09-15 00:00:00";;;2
"2020-09-16 00:00:00";;;0
"2020-09-17 00:00:00";;;2
"2020-09-18 00:00:00";;;0
"2020-09-19 00:00:00";;;0
"2020-09-20 00:00:00";;;0
"2020-09-21 00:00:00";;;0
"2020-09-22 00:00:00";;;0
"2020-09-23 00:00:00";;;0
"2020-09-24 00:00:00";;;0
"2020-09-25 00:00:00";;;0
"2020-09-26 00:00:00";;;0
"2020-09-27 00:00:00";;;0
"2020-09-28 00:00:00";;;1
"2020-09-29 00:00:00";;;0
"2020-09-30 00:00:00";;;0
"2020-10-01 00:00:00";;;5
"2020-10-02 00:00:00";;;0
"2020-10-03 00:00:00";;;4
"2020-10-04 00:00:00";;;0
"2020-10-05 00:00:00";;;0
"2020-10-06 00:00:00";;;0
"2020-10-07 00:00:00";;;3
"2020-10-08 00:00:00";;;0
"2020-10-09 00:00:00";;;0
"2020-10-10 00:00:00";;;0
"2020-10-11 00:00:00";;;0
"2020-10-12 00:00:00";;;0
"2020-10-13 00:00:00";;;0
"2020-10-14 00:00:00";;;18126
"2020-10-15 00:00:00";;;418
"2020-10-16 00:00:00";;;67
"2020-10-17 00:00:00";;;10
"2020-10-18 00:00:00";;;357
"2020-10-19 00:00:00";;;9
"2020-10-20 00:00:00";;;291
"2020-10-21 00:00:00";;;25
"2020-10-22 00:00:00";;;46
"2020-10-23 00:00:00";;;38
"2020-10-24 00:00:00";;;1
"2020-10-25 00:00:00";;;7
"2020-10-26 00:00:00";;;6
"2020-10-27 00:00:00";;;5
"2020-10-28 00:00:00";;;6
"2020-10-29 00:00:00";;;172
"2020-10-30 00:00:00";;;23
"2020-10-31 00:00:00";;;16
"2020-11-01 00:00:00";;;42
"2020-11-02 00:00:00";;;10
"2020-11-03 00:00:00";;;47
"2020-11-04 00:00:00";;;56
"2020-11-05 00:00:00";;;89
"2020-11-06 00:00:00";;;242908
"2020-11-07 00:00:00";;;100453
"2020-11-08 00:00:00";;;110495
"2020-11-09 00:00:00";;;266278
"2020-11-10 00:00:00";;;284130
"2020-11-11 00:00:00";;;176077
"2020-11-12 00:00:00";;;137229
"2020-11-13 00:00:00";;;81964
"2020-11-14 00:00:00";;;77521
"2020-11-15 00:00:00";;;83322
"2020-11-16 00:00:00";;;73541
"2020-11-17 00:00:00";;;62849
"2020-11-18 00:00:00";;;65199
"2020-11-19 00:00:00";;;65674
"2020-11-20 00:00:00";;;56230
"2020-11-21 00:00:00";;;36789
"2020-11-22 00:00:00";;;40608
"2020-11-23 00:00:00";;;39833
"2020-11-24 00:00:00";;;58641
"2020-11-25 00:00:00";;;33130
"2020-11-26 00:00:00";;;31777
"2020-11-27 00:00:00";;;25465
"2020-11-28 00:00:00";;;22931
"2020-11-29 00:00:00";;;30729
"2020-11-30 00:00:00";;;18234
"2020-12-01 00:00:00";;;15304
"2020-12-02 00:00:00";;;21162
"2020-12-03 00:00:00";;;18842
"2020-12-04 00:00:00";;;14992
"2020-12-05 00:00:00";;;16289
"2020-12-06 00:00:00";;;13093
"2020-12-07 00:00:00";;;17299
"2020-12-08 00:00:00";;;37819
"2020-12-09 00:00:00";;;13421
"2020-12-10 00:00:00";;;4635
"2020-12-11 00:00:00";;;4285
"2020-12-12 00:00:00";;;3238
"2020-12-13 00:00:00";;;15867
"2020-12-14 00:00:00";;;13465
"2020-12-15 00:00:00";;;7891
"2020-12-16 00:00:00";;;4844
"2020-12-17 00:00:00";;;4868
"2020-12-18 00:00:00";;;4102
"2020-12-19 00:00:00";;;4206
"2020-12-20 00:00:00";;;15941
"2020-12-21 00:00:00";;;13507
"2020-12-22 00:00:00";;;4013
"2020-12-23 00:00:00";;;24256
"2020-12-24 00:00:00";;;2261
"2020-12-25 00:00:00";;;2224
"2020-12-26 00:00:00";;;2327
"2020-12-27 00:00:00";;;2542
"2020-12-28 00:00:00";;;8870
"2020-12-29 00:00:00";;;8946
"2020-12-30 00:00:00";;;2742
"2020-12-31 00:00:00";;;2366
"2021-01-01 00:00:00";;;2896
"2021-01-02 00:00:00";;;9136
"2021-01-03 00:00:00";;;8718
"2021-01-04 00:00:00";;;14145
"2021-01-05 00:00:00";;;6458
"2021-01-06 00:00:00";;;2519
"2021-01-07 00:00:00";;;4818
"2021-01-08 00:00:00";;;3607
"2021-01-09 00:00:00";;;3419
"2021-01-10 00:00:00";;;15241
"2021-01-11 00:00:00";;;11423
"2021-01-12 00:00:00";;;2891
"2021-01-13 00:00:00";;;3138
"2021-01-14 00:00:00";;;5352
"2021-01-15 00:00:00";;;3340
"2021-01-16 00:00:00";;;2874
"2021-01-17 00:00:00";;;12453
"2021-01-18 00:00:00";;;9689
"2021-01-19 00:00:00";;;2832
"2021-01-20 00:00:00";;;2004
"2021-01-21 00:00:00";;;12719
"2021-01-22 00:00:00";;;9125
"2021-01-23 00:00:00";;;1702
"2021-01-24 00:00:00";;;1843
"2021-01-25 00:00:00";;;2568
"2021-01-26 00:00:00";;;3378
"2021-01-27 00:00:00";;;2143
"2021-01-28 00:00:00";;;4309
"2021-01-29 00:00:00";;;2336
"2021-01-30 00:00:00";;;2241
"2021-01-31 00:00:00";;;7197
"2021-02-01 00:00:00";;;2308
"2021-02-02 00:00:00";;;2737
"2021-02-03 00:00:00";;;2119
"2021-02-04 00:00:00";;;5626
"2021-02-05 00:00:00";;;1580
"2021-02-06 00:00:00";;;1315
"2021-02-07 00:00:00";;;3821
"2021-02-08 00:00:00";;;3170
"2021-02-09 00:00:00";;;4898
"2021-02-10 00:00:00";;;1428
"2021-02-11 00:00:00";;;1669
"2021-02-12 00:00:00";;;7788
"2021-02-13 00:00:00";;;1711
"2021-02-14 00:00:00";;;1017
"2021-02-15 00:00:00";;;2265
"2021-02-16 00:00:00";;;2442
"2021-02-17 00:00:00";;;2515
"2021-02-18 00:00:00";;;1536
"2021-02-19 00:00:00";;;1829
"2021-02-20 00:00:00";;;1340
"2021-02-21 00:00:00";;;2722
"2021-02-22 00:00:00";;;2711
"2021-02-23 00:00:00";;;1475
"2021-02-24 00:00:00";;;1321
"2021-02-25 00:00:00";;;8296
"2021-02-26 00:00:00";;;1848
"2021-02-27 00:00:00";;;1388
"2021-02-28 00:00:00";;;1662
"2021-03-01 00:00:00";;;2697
"2021-03-02 00:00:00";;;1472
"2021-03-03 00:00:00";;;1267
"2021-03-04 00:00:00";;;1499
"2021-03-05 00:00:00";;;1380
"2021-03-06 00:00:00";;;1397
"2021-03-07 00:00:00";;;1102
"2021-03-08 00:00:00";;;1807
"2021-03-09 00:00:00";;;4491
"2021-03-10 00:00:00";;;1015
"2021-03-11 00:00:00";;;2029
"2021-03-12 00:00:00";;;1431
"2021-03-13 00:00:00";;;983
"2021-03-14 00:00:00";;;1481
"2021-03-15 00:00:00";;;1964
"2021-03-16 00:00:00";;;4586
"2021-03-17 00:00:00";;;2160
"2021-03-18 00:00:00";;;2001
"2021-03-19 00:00:00";;;1356
"2021-03-20 00:00:00";;;1297
"2021-03-21 00:00:00";;;1327
"2021-03-22 00:00:00";;;1441
"2021-03-23 00:00:00";;;2054
"2021-03-24 00:00:00";;;2379
"2021-03-25 00:00:00";;;1933
"2021-03-26 00:00:00";;;1175
"2021-03-27 00:00:00";;;1701
"2021-03-28 00:00:00";;;1234
"2021-03-29 00:00:00";;;1524
"2021-03-30 00:00:00";;;1233
"2021-03-31 00:00:00";;;1357
"2021-04-01 00:00:00";;;1055
"2021-04-02 00:00:00";;;1192
"2021-04-03 00:00:00";;;930
"2021-04-04 00:00:00";;;1010
"2021-04-05 00:00:00";;;9306
"2021-04-06 00:00:00";;;1133
"2021-04-07 00:00:00";;;852
"2021-04-08 00:00:00";;;6478
"2021-04-09 00:00:00";;;1294
"2021-04-10 00:00:00";;;931
"2021-04-11 00:00:00";;;843
"2021-04-12 00:00:00";;;2928
"2021-04-13 00:00:00";;;5878
"2021-04-14 00:00:00";;;14755
"2021-04-15 00:00:00";;;11151
"2021-04-16 00:00:00";;;7338
"2021-04-17 00:00:00";;;2089
"2021-04-18 00:00:00";;;2977
"2021-04-19 00:00:00";;;2443
"2021-04-20 00:00:00";;;2789
"2021-04-21 00:00:00";;;2165
"2021-04-22 00:00:00";;;2326
"2021-04-23 00:00:00";;;1501
"2021-04-24 00:00:00";;;11579
"2021-04-25 00:00:00";;;10181
"2021-04-26 00:00:00";;;13691
"2021-04-27 00:00:00";;;13102
"2021-04-28 00:00:00";;;9191
"2021-04-29 00:00:00";;;1493
"2021-04-30 00:00:00";;;1314
"2021-05-01 00:00:00";;;3097
"2021-05-02 00:00:00";;;1261
"2021-05-03 00:00:00";;;2520
"2021-05-04 00:00:00";;;3414
"2021-05-05 00:00:00";;;2102
"2021-05-06 00:00:00";;;2109
"2021-05-07 00:00:00";;;1132
"2021-05-08 00:00:00";;;2231
"2021-05-09 00:00:00";;;2238
"2021-05-10 00:00:00";;;2441
"2021-05-11 00:00:00";;;22081
"2021-05-12 00:00:00";;;17041
"2021-05-13 00:00:00";;;23854
"2021-05-14 00:00:00";;;4282
"2021-05-15 00:00:00";;;3570
"2021-05-16 00:00:00";;;3478
"2021-05-17 00:00:00";;;3896
"2021-05-18 00:00:00";;;5000
"2021-05-19 00:00:00";;;2270
"2021-05-20 00:00:00";;;3140
"2021-05-21 00:00:00";;;3116
"2021-05-22 00:00:00";;;19868
"2021-05-23 00:00:00";;;1486
"2021-05-24 00:00:00";;;2830
"2021-05-25 00:00:00";;;1661
"2021-05-26 00:00:00";;;1666
"2021-05-27 00:00:00";;;4023
"2021-05-28 00:00:00";;;1524
"2021-05-29 00:00:00";;;1031
"2021-05-30 00:00:00";;;1478
"2021-05-31 00:00:00";;;1967
"2021-06-01 00:00:00";;;8613
"2021-06-02 00:00:00";;;906
"2021-06-03 00:00:00";;;813
"2021-06-04 00:00:00";;;1493
"2021-06-05 00:00:00";;;5533
"2021-06-06 00:00:00";;;775
"2021-06-07 00:00:00";;;1834
"2021-06-08 00:00:00";;;1142
"2021-06-09 00:00:00";;;2298
"2021-06-10 00:00:00";;;789
"2021-06-11 00:00:00";;;1027
"2021-06-12 00:00:00";;;1130
"2021-06-13 00:00:00";;;1084
"2021-06-14 00:00:00";;;708
"2021-06-15 00:00:00";;;1892
"2021-06-16 00:00:00";;;1784
"2021-06-17 00:00:00";;;1111
"2021-06-18 00:00:00";;;1431
"2021-06-19 00:00:00";;;863
"2021-06-20 00:00:00";;;1088
"2021-06-21 00:00:00";;;973
"2021-06-22 00:00:00";;;906
"2021-06-23 00:00:00";;;1703
"2021-06-24 00:00:00";;;784
"2021-06-25 00:00:00";;;688
"2021-06-26 00:00:00";;;1229
"2021-06-27 00:00:00";;;1253
"2021-06-28 00:00:00";;;849
"2021-06-29 00:00:00";;;1003
"2021-06-30 00:00:00";;;3801
"2021-07-01 00:00:00";;;1412
"2021-07-02 00:00:00";;;754
"2021-07-03 00:00:00";;;588
"2021-07-04 00:00:00";;;1337
"2021-07-05 00:00:00";;;728
"2021-07-06 00:00:00";;;1143
"2021-07-07 00:00:00";;;588
"2021-07-08 00:00:00";;;873
"2021-07-09 00:00:00";;;1133
"2021-07-10 00:00:00";;;574
"2021-07-11 00:00:00";;;773
"2021-07-12 00:00:00";;;3252
"2021-07-13 00:00:00";;;2791
"2021-07-14 00:00:00";;;2639
"2021-07-15 00:00:00";;;619
"2021-07-16 00:00:00";;;2462
"2021-07-17 00:00:00";;;1206
"2021-07-18 00:00:00";;;494
"2021-07-19 00:00:00";;;635
"2021-07-20 00:00:00";;;1994
"2021-07-21 00:00:00";;;496
"2021-07-22 00:00:00";;;598
"2021-07-23 00:00:00";;;1526
"2021-07-24 00:00:00";;;503
"2021-07-25 00:00:00";;;8036
"2021-07-26 00:00:00";;;9720
"2021-07-27 00:00:00";;;842
"2021-07-28 00:00:00";;;543
"2021-07-29 00:00:00";;;819
"2021-07-30 00:00:00";;;890
"2021-07-31 00:00:00";;;831
"2021-08-01 00:00:00";;;560
"2021-08-02 00:00:00";;;836
"2021-08-03 00:00:00";;;554
"2021-08-04 00:00:00";;;954
"2021-08-05 00:00:00";;;699
"2021-08-06 00:00:00";;;824
"2021-08-07 00:00:00";;;838
"2021-08-08 00:00:00";;;1140
"2021-08-09 00:00:00";;;1534
"2021-08-10 00:00:00";;;970
"2021-08-11 00:00:00";;;9070
"2021-08-12 00:00:00";;;4836
"2021-08-13 00:00:00";;;2392
"2021-08-14 00:00:00";;;3039
"2021-08-15 00:00:00";;;15710
"2021-08-16 00:00:00";;;2305
"2021-08-17 00:00:00";;;1377
"2021-08-18 00:00:00";;;9259
"2021-08-19 00:00:00";;;1287
"2021-08-20 00:00:00";;;876
"2021-08-21 00:00:00";;;821
"2021-08-22 00:00:00";;;18417
"2021-08-23 00:00:00";;;13545
"2021-08-24 00:00:00";;;1118
"2021-08-25 00:00:00";;;1750
"2021-08-26 00:00:00";;;1264
"2021-08-27 00:00:00";;;747
"2021-08-28 00:00:00";;;858
"2021-08-29 00:00:00";;;1289
"2021-08-30 00:00:00";;;1300
"2021-08-31 00:00:00";;;3633
"2021-09-01 00:00:00";;;889
"2021-09-02 00:00:00";;;3943
"2021-09-03 00:00:00";;;4921
"2021-09-04 00:00:00";;;687
"2021-09-05 00:00:00";;;906
"2021-09-06 00:00:00";;;958
"2021-09-07 00:00:00";;;1309
"2021-09-08 00:00:00";;;6917
"2021-09-09 00:00:00";;;3541
"2021-09-10 00:00:00";;;816
"2021-09-11 00:00:00";;;1361
"2021-09-12 00:00:00";;;2066
"2021-09-13 00:00:00";;;1113
"2021-09-14 00:00:00";;;722
"2021-09-15 00:00:00";;;703
"2021-09-16 00:00:00";;;720
"2021-09-17 00:00:00";;;1158
"2021-09-18 00:00:00";;;999
"2021-09-19 00:00:00";;;839
"2021-09-20 00:00:00";;;1518
"2021-09-21 00:00:00";;;720
"2021-09-22 00:00:00";;;569
"2021-09-23 00:00:00";;;550
"2021-09-24 00:00:00";;;691
"2021-09-25 00:00:00";;;712
"2021-09-26 00:00:00";;;988
"2021-09-27 00:00:00";;;436
"2021-09-28 00:00:00";;;412
"2021-09-29 00:00:00";;;375
"2021-09-30 00:00:00";;;853
"2021-10-01 00:00:00";;;387
"2021-10-02 00:00:00";;;422
"2021-10-03 00:00:00";;;358
"2021-10-04 00:00:00";;;355
"2021-10-05 00:00:00";;;393
"2021-10-06 00:00:00";;;322
"2021-10-07 00:00:00";;;312
"2021-10-08 00:00:00";;;310
"2021-10-09 00:00:00";;;545
"2021-10-10 00:00:00";;;442
"2021-10-11 00:00:00";;;398
"2021-10-12 00:00:00";;;827
"2021-10-13 00:00:00";;;340
"2021-10-14 00:00:00";;;329
"2021-10-15 00:00:00";;;483
"2021-10-16 00:00:00";;;708
"2021-10-17 00:00:00";;;332
"2021-10-18 00:00:00";;;4310
"2021-10-19 00:00:00";;;1980
"2021-10-20 00:00:00";;;514
"2021-10-21 00:00:00";;;640
"2021-10-22 00:00:00";;;306
"2021-10-23 00:00:00";;;328
"2021-10-24 00:00:00";;;344
"2021-10-25 00:00:00";;;548
"2021-10-26 00:00:00";;;562
"2021-10-27 00:00:00";;;680
"2021-10-28 00:00:00";;;525
"2021-10-29 00:00:00";;;5146
"2021-10-30 00:00:00";;;4267
"2021-10-31 00:00:00";;;352
"2021-11-01 00:00:00";;;573
"2021-11-02 00:00:00";;;473
"2021-11-03 00:00:00";;;483
"2021-11-04 00:00:00";;;631
"2021-11-05 00:00:00";;;470
"2021-11-06 00:00:00";;;375
"2021-11-07 00:00:00";;;1059
"2021-11-08 00:00:00";;;743
"2021-11-09 00:00:00";;;1115
"2021-11-10 00:00:00";;;540
"2021-11-11 00:00:00";;;761
"2021-11-12 00:00:00";;;464
"2021-11-13 00:00:00";;;592
"2021-11-14 00:00:00";;;1616
"2021-11-15 00:00:00";;;600
"2021-11-16 00:00:00";;;373
"2021-11-17 00:00:00";;;2230
"2021-11-18 00:00:00";;;2533
"2021-11-19 00:00:00";;;1223
"2021-11-20 00:00:00";;;2157
"2021-11-21 00:00:00";;;1223
"2021-11-22 00:00:00";;;1963
"2021-11-23 00:00:00";;;2006
"2021-11-24 00:00:00";;;4363
"2021-11-25 00:00:00";;;2007
"2021-11-26 00:00:00";;;1360
"2021-11-27 00:00:00";;;3125
"2021-11-28 00:00:00";;;527
"2021-11-29 00:00:00";;;2602
"2021-11-30 00:00:00";;;1842
"2021-12-01 00:00:00";;;2474
"2021-12-02 00:00:00";;;1843
"2021-12-03 00:00:00";;;3301
"2021-12-04 00:00:00";;;513
"2021-12-05 00:00:00";;;391
"2021-12-06 00:00:00";;;2298
"2021-12-07 00:00:00";;;2431
"2021-12-08 00:00:00";;;3353
"2021-12-09 00:00:00";;;2046
"2021-12-10 00:00:00";;;2374
"2021-12-11 00:00:00";;;3075
"2021-12-12 00:00:00";;;527
"2021-12-13 00:00:00";;;3316
"2021-12-14 00:00:00";;;4464
"2021-12-15 00:00:00";;;2028
"2021-12-16 00:00:00";;;1698
"2021-12-17 00:00:00";;;1683
"2021-12-18 00:00:00";;;3126
"2021-12-19 00:00:00";;;808
"2021-12-20 00:00:00";;;2370
"2021-12-21 00:00:00";;;2447
"2021-12-22 00:00:00";;;2375
"2021-12-23 00:00:00";;;2404
"2021-12-24 00:00:00";;;631
"2021-12-25 00:00:00";;;1978
"2021-12-26 00:00:00";;;836
"2021-12-27 00:00:00";;;2655
"2021-12-28 00:00:00";;;2205
"2021-12-29 00:00:00";;;2575
"2021-12-30 00:00:00";;;1762
"2021-12-31 00:00:00";;;740
"2022-01-01 00:00:00";;;4371
"2022-01-02 00:00:00";;;1002
"2022-01-03 00:00:00";;;957
"2022-01-04 00:00:00";;;22717
"2022-01-05 00:00:00";;;12030
"2022-01-06 00:00:00";;;3783
"2022-01-07 00:00:00";;;896
"2022-01-08 00:00:00";;;16217
"2022-01-09 00:00:00";;;896
"2022-01-10 00:00:00";;;982
"2022-01-11 00:00:00";;;778
"2022-01-12 00:00:00";;;724
"2022-01-13 00:00:00";;;718
"2022-01-14 00:00:00";;;514
"2022-01-15 00:00:00";;;1107
"2022-01-16 00:00:00";;;781
"2022-01-17 00:00:00";;;822
"2022-01-18 00:00:00";;;689
"2022-01-19 00:00:00";;;873
"2022-01-20 00:00:00";;;715
"2022-01-21 00:00:00";;;531
"2022-01-22 00:00:00";;;707
"2022-01-23 00:00:00";;;924
"2022-01-24 00:00:00";;;479
"2022-01-25 00:00:00";;;581
"2022-01-26 00:00:00";;;1002
"2022-01-27 00:00:00";;;504
"2022-01-28 00:00:00";;;559
"2022-01-29 00:00:00";;;516
"2022-01-30 00:00:00";;;508
"2022-01-31 00:00:00";;;653
"2022-02-01 00:00:00";;;487
"2022-02-02 00:00:00";;;843
"2022-02-03 00:00:00";;;587
"2022-02-04 00:00:00";;;657
"2022-02-05 00:00:00";;;528
"2022-02-06 00:00:00";;;607
"2022-02-07 00:00:00";;;593
"2022-02-08 00:00:00";;;598
"2022-02-09 00:00:00";;;483
"2022-02-10 00:00:00";;;515
"2022-02-11 00:00:00";;;4682
"2022-02-12 00:00:00";;;4378
"2022-02-13 00:00:00";;;607
"2022-02-14 00:00:00";;;694
"2022-02-15 00:00:00";;;495
"2022-02-16 00:00:00";;;579
"2022-02-17 00:00:00";;;594
"2022-02-18 00:00:00";;;541
"2022-02-19 00:00:00";;;678
"2022-02-20 00:00:00";;;497
"2022-02-21 00:00:00";;;487
"2022-02-22 00:00:00";;;746
"2022-02-23 00:00:00";;;416
"2022-02-24 00:00:00";;;735
"2022-02-25 00:00:00";;;1858
"2022-02-26 00:00:00";;;767
"2022-02-27 00:00:00";;;942
"2022-02-28 00:00:00";;;712
"2022-03-01 00:00:00";;;557
"2022-03-02 00:00:00";;;516
"2022-03-03 00:00:00";;;729
"2022-03-04 00:00:00";;;1462
"2022-03-05 00:00:00";;;714
"2022-03-06 00:00:00";;;827
"2022-03-07 00:00:00";;;798
"2022-03-08 00:00:00";;;43090
"2022-03-09 00:00:00";;;16492
"2022-03-10 00:00:00";;;32694
"2022-03-11 00:00:00";;;21939
"2022-03-12 00:00:00";;;18897
"2022-03-13 00:00:00";;;13487
"2022-03-14 00:00:00";;;8414
"2022-03-15 00:00:00";;;2341
"2022-03-16 00:00:00";;;1947
"2022-03-17 00:00:00";;;1834
"2022-03-18 00:00:00";;;32580
"2022-03-19 00:00:00";;;1365
"2022-03-20 00:00:00";;;3402
"2022-03-21 00:00:00";;;796
"2022-03-22 00:00:00";;;1095
"2022-03-23 00:00:00";;;958
"2022-03-24 00:00:00";;;786
"2022-03-25 00:00:00";;;1794
"2022-03-26 00:00:00";;;766
"2022-03-27 00:00:00";;;736
"2022-03-28 00:00:00";;;844
"2022-03-29 00:00:00";;;2560
"2022-03-30 00:00:00";;;742
"2022-03-31 00:00:00";;;821
"2022-04-01 00:00:00";;;938
"2022-04-02 00:00:00";;;579
"2022-04-03 00:00:00";;;999
"2022-04-04 00:00:00";;;1150
"2022-04-05 00:00:00";;;661
"2022-04-06 00:00:00";;;677
"2022-04-07 00:00:00";;;633
"2022-04-08 00:00:00";;;509
"2022-04-09 00:00:00";;;414
"2022-04-10 00:00:00";;;442
"2022-04-11 00:00:00";;;643
"2022-04-12 00:00:00";;;712
"2022-04-13 00:00:00";;;1338
"2022-04-14 00:00:00";;;689
"2022-04-15 00:00:00";;;491
"2022-04-16 00:00:00";;;595
"2022-04-17 00:00:00";;;483
"2022-04-18 00:00:00";;;631
"2022-04-19 00:00:00";;;649
"2022-04-20 00:00:00";;;529
"2022-04-21 00:00:00";;;490
"2022-04-22 00:00:00";;;930
"2022-04-23 00:00:00";;;2189
"2022-04-24 00:00:00";;;585
"2022-04-25 00:00:00";;;858
"2022-04-26 00:00:00";;;526
"2022-04-27 00:00:00";;;848
"2022-04-28 00:00:00";;;683
"2022-04-29 00:00:00";;;512
"2022-04-30 00:00:00";;;376
"2022-05-01 00:00:00";;;482
"2022-05-02 00:00:00";;;459
"2022-05-03 00:00:00";;;664
"2022-05-04 00:00:00";;;666
"2022-05-05 00:00:00";;;1004
"2022-05-06 00:00:00";;;511
"2022-05-07 00:00:00";;;565
"2022-05-08 00:00:00";;;831
"2022-05-09 00:00:00";;;754
"2022-05-10 00:00:00";;;741
"2022-05-11 00:00:00";;;506
"2022-05-12 00:00:00";;;502
"2022-05-13 00:00:00";;;811
"2022-05-14 00:00:00";;;966
"2022-05-15 00:00:00";;;2072
"2022-05-16 00:00:00";;;580
"2022-05-17 00:00:00";;;575
"2022-05-18 00:00:00";;;530
"2022-05-19 00:00:00";;;359
"2022-05-20 00:00:00";;;540
"2022-05-21 00:00:00";;;2105
"2022-05-22 00:00:00";;;533
"2022-05-23 00:00:00";;;813
"2022-05-24 00:00:00";;;654
"2022-05-25 00:00:00";;;629
"2022-05-26 00:00:00";;;542
"2022-05-27 00:00:00";;;452
"2022-05-28 00:00:00";;;444
"2022-05-29 00:00:00";;;545
"2022-05-30 00:00:00";;;611
"2022-05-31 00:00:00";;;307
"2022-06-01 00:00:00";;;364
"2022-06-02 00:00:00";;;1632
"2022-06-03 00:00:00";;;1054
"2022-06-04 00:00:00";;;3284
"2022-06-05 00:00:00";;;744
"2022-06-06 00:00:00";;;2669
"2022-06-07 00:00:00";;;1857
"2022-06-08 00:00:00";;;2891
"2022-06-09 00:00:00";;;2081
"2022-06-10 00:00:00";;;1568
"2022-06-11 00:00:00";;;3035
"2022-06-12 00:00:00";;;342
"2022-06-13 00:00:00";;;3282
"2022-06-14 00:00:00";;;1560
"2022-06-15 00:00:00";;;2137
"2022-06-16 00:00:00";;;3358
"2022-06-17 00:00:00";;;484
"2022-06-18 00:00:00";;;2292
"2022-06-19 00:00:00";;;522
"2022-06-20 00:00:00";;;3136
"2022-06-21 00:00:00";;;2020
"2022-06-22 00:00:00";;;4673
"2022-06-23 00:00:00";;;3420
"2022-06-24 00:00:00";;;5620
"2022-06-25 00:00:00";;;2631
"2022-06-26 00:00:00";;;1047
"2022-06-27 00:00:00";;;2423
"2022-06-28 00:00:00";;;4323
"2022-06-29 00:00:00";;;3336
"2022-06-30 00:00:00";;;2861
"2022-07-01 00:00:00";;;2414
"2022-07-02 00:00:00";;;2130
"2022-07-03 00:00:00";;;385
"2022-07-04 00:00:00";;;2431
"2022-07-05 00:00:00";;;2279
"2022-07-06 00:00:00";;;2565
"2022-07-07 00:00:00";;;1437
"2022-07-08 00:00:00";;;1232
"2022-07-09 00:00:00";;;2604
"2022-07-10 00:00:00";;;494
"2022-07-11 00:00:00";;;2610
"2022-07-12 00:00:00";;;1942
"2022-07-13 00:00:00";;;1886
"2022-07-14 00:00:00";;;2061
"2022-07-15 00:00:00";;;1535
"2022-07-16 00:00:00";;;545
"2022-07-17 00:00:00";;;563
"2022-07-18 00:00:00";;;576
"2022-07-19 00:00:00";;;377
"2022-07-20 00:00:00";;;687
"2022-07-21 00:00:00";;;587
"2022-07-22 00:00:00";;;614
"2022-07-23 00:00:00";;;382
"2022-07-24 00:00:00";;;345
"2022-07-25 00:00:00";;;684
"2022-07-26 00:00:00";;;816
"2022-07-27 00:00:00";;;519
"2022-07-28 00:00:00";;;674
"2022-07-29 00:00:00";;;678
"2022-07-30 00:00:00";;;410
"2022-07-31 00:00:00";;;380
"2022-08-01 00:00:00";;;574
"2022-08-02 00:00:00";;;1719
"2022-08-03 00:00:00";;;1339
"2022-08-04 00:00:00";;;889
"2022-08-05 00:00:00";;;651
"2022-08-06 00:00:00";;;1448
"2022-08-07 00:00:00";;;1408
"2022-08-08 00:00:00";;;1073
"2022-08-09 00:00:00";;;894
"2022-08-10 00:00:00";;;1274
"2022-08-11 00:00:00";;;583
"2022-08-12 00:00:00";;;1196
"2022-08-13 00:00:00";;;499
"2022-08-14 00:00:00";;;658
"2022-08-15 00:00:00";;;766
"2022-08-16 00:00:00";;;584
"2022-08-17 00:00:00";;;1470
"2022-08-18 00:00:00";;;1084
"2022-08-19 00:00:00";;;1047
"2022-08-20 00:00:00";;;1295
"2022-08-21 00:00:00";;;1161
"2022-08-22 00:00:00";;;1498
"2022-08-23 00:00:00";;;473
"2022-08-24 00:00:00";;;1009
"2022-08-25 00:00:00";;;1010
"2022-08-26 00:00:00";;;739
"2022-08-27 00:00:00";;;1045
"2022-08-28 00:00:00";;;994
"2022-08-29 00:00:00";;;1065
"2022-08-30 00:00:00";;;369
"2022-08-31 00:00:00";;;1038
"2022-09-01 00:00:00";;;1129
"2022-09-02 00:00:00";;;17117
"2022-09-03 00:00:00";;;550
"2022-09-04 00:00:00";;;1027
"2022-09-05 00:00:00";;;2721
"2022-09-06 00:00:00";;;825
"2022-09-07 00:00:00";;;1349
"2022-09-08 00:00:00";;;1951
"2022-09-09 00:00:00";;;1046
"2022-09-10 00:00:00";;;619
"2022-09-11 00:00:00";;;751
"2022-09-12 00:00:00";;;2774
"2022-09-13 00:00:00";;;2483
"2022-09-14 00:00:00";;;670
"2022-09-15 00:00:00";;;1406
"2022-09-16 00:00:00";;;1554
"2022-09-17 00:00:00";;;1804
"2022-09-18 00:00:00";;;1467
"2022-09-19 00:00:00";;;2348
"2022-09-20 00:00:00";;;508
"2022-09-21 00:00:00";;;1164
"2022-09-22 00:00:00";;;999
"2022-09-23 00:00:00";;;989
"2022-09-24 00:00:00";;;479
"2022-09-25 00:00:00";;;392
"2022-09-26 00:00:00";;;1553
"2022-09-27 00:00:00";;;913
"2022-09-28 00:00:00";;;561
"2022-09-29 00:00:00";;;2294
"2022-09-30 00:00:00";;;962
"2022-10-01 00:00:00";;;417
"2022-10-02 00:00:00";;;558
"2022-10-03 00:00:00";;;701
"2022-10-04 00:00:00";;;1055
"2022-10-05 00:00:00";;;967
"2022-10-06 00:00:00";;;835
"2022-10-07 00:00:00";;;476
"2022-10-08 00:00:00";;;683
"2022-10-09 00:00:00";;;481
"2022-10-10 00:00:00";;;1155
"2022-10-11 00:00:00";;;16979
"2022-10-12 00:00:00";;;16279
"2022-10-13 00:00:00";;;2940
"2022-10-14 00:00:00";;;1824
"2022-10-15 00:00:00";;;1540
"2022-10-16 00:00:00";;;1007
"2022-10-17 00:00:00";;;504
"2022-10-18 00:00:00";;;15210
"2022-10-19 00:00:00";;;337
"2022-10-20 00:00:00";;;310
"2022-10-21 00:00:00";;;492
"2022-10-22 00:00:00";;;837
"2022-10-23 00:00:00";;;17425
"2022-10-24 00:00:00";;;824
"2022-10-25 00:00:00";;;1087
"2022-10-26 00:00:00";;;1217
"2022-10-27 00:00:00";;;1529
"2022-10-28 00:00:00";;;1055
"2022-10-29 00:00:00";;;213
"2022-10-30 00:00:00";;;1017
"2022-10-31 00:00:00";;;273
"2022-11-01 00:00:00";;;271
"2022-11-02 00:00:00";;;905
"2022-11-03 00:00:00";;;1009
"2022-11-04 00:00:00";;;997
"2022-11-05 00:00:00";;;458
"2022-11-06 00:00:00";;;1105
"2022-11-07 00:00:00";;;448
"2022-11-08 00:00:00";;;365
"2022-11-09 00:00:00";;;1291
"2022-11-10 00:00:00";;;406
"2022-11-11 00:00:00";;;631
"2022-11-12 00:00:00";;;609
"2022-11-13 00:00:00";;;455
"2022-11-14 00:00:00";;;1498
"2022-11-15 00:00:00";;;541
"2022-11-16 00:00:00";;;565
"2022-11-17 00:00:00";;;284
"2022-11-18 00:00:00";;;456
"2022-11-19 00:00:00";;;496
"2022-11-20 00:00:00";;;803
"2022-11-21 00:00:00";;;373
"2022-11-22 00:00:00";;;471
"2022-11-23 00:00:00";;;932
"2022-11-24 00:00:00";;;429
"2022-11-25 00:00:00";;;530
"2022-11-26 00:00:00";;;297
"2022-11-27 00:00:00";;;357
"2022-11-28 00:00:00";;;2585
"2022-11-29 00:00:00";;;661
"2022-11-30 00:00:00";;;1052
"2022-12-01 00:00:00";;;604
"2022-12-02 00:00:00";;;380
"2022-12-03 00:00:00";;;433
"2022-12-04 00:00:00";;;557
"2022-12-05 00:00:00";;;304
"2022-12-06 00:00:00";1214;681;10310
"2022-12-07 00:00:00";4827;3034;1240
"2022-12-08 00:00:00";6580;5298;459
"2022-12-09 00:00:00";7503;5918;1214
"2022-12-10 00:00:00";9608;7639;686
"2022-12-11 00:00:00";11522;9118;1518
"2022-12-12 00:00:00";8965;7369;819
"2022-12-13 00:00:00";8821;7187;3744
"2022-12-14 00:00:00";8524;6944;704
"2022-12-15 00:00:00";8301;6865;646
"2022-12-16 00:00:00";10549;8404;647
"2022-12-17 00:00:00";14235;11316;1818
"2022-12-18 00:00:00";15679;12472;883
"2022-12-19 00:00:00";10538;9551;521
"2022-12-20 00:00:00";9868;7799;1171
"2022-12-21 00:00:00";9465;7708;687
"2022-12-22 00:00:00";9239;7629;791
"2022-12-23 00:00:00";9803;7865;26657
"2022-12-24 00:00:00";10308;8236;22799
"2022-12-25 00:00:00";10105;8442;434
"2022-12-26 00:00:00";11295;8863;779
"2022-12-27 00:00:00";10591;8634;704
"2022-12-28 00:00:00";10260;8317;1478
"2022-12-29 00:00:00";10103;8205;835
"2022-12-30 00:00:00";10282;8190;581
"2022-12-31 00:00:00";10338;8080;451
"2023-01-01 00:00:00";11279;8659;2653
"2023-01-02 00:00:00";11101;8803;2079
"2023-01-03 00:00:00";9289;7598;1916
"2023-01-04 00:00:00";8977;7186;1232
"2023-01-05 00:00:00";8898;6863;2113
"2023-01-06 00:00:00";9117;7048;1556
"2023-01-07 00:00:00";10232;7893;829
"2023-01-08 00:00:00";10674;8202;1299
"2023-01-09 00:00:00";7459;5818;1828
"2023-01-10 00:00:00";6753;5205;1660
"2023-01-11 00:00:00";6501;4913;1387
"2023-01-12 00:00:00";6041;4722;1883
"2023-01-13 00:00:00";6365;4793;1193
"2023-01-14 00:00:00";7872;5972;609
"2023-01-15 00:00:00";8115;6268;1260
"2023-01-16 00:00:00";6214;4534;2399
"2023-01-17 00:00:00";5432;4057;1942
"2023-01-18 00:00:00";5121;3841;1692
"2023-01-19 00:00:00";4929;3705;1593
"2023-01-20 00:00:00";4932;3794;2208
"2023-01-21 00:00:00";6266;4667;499
"2023-01-22 00:00:00";6680;5023;1416
"2023-01-23 00:00:00";4774;3573;2978
"2023-01-24 00:00:00";4448;3354;1643
"2023-01-25 00:00:00";4335;3194;1869
"2023-01-26 00:00:00";4010;3086;1395
"2023-01-27 00:00:00";4079;3112;1117
"2023-01-28 00:00:00";5141;3833;315
"2023-01-29 00:00:00";5470;4102;1437
"2023-01-30 00:00:00";4012;2861;2011
"2023-01-31 00:00:00";3718;2675;2643
"2023-02-01 00:00:00";3390;2505;1838
"2023-02-02 00:00:00";3401;2429;1890
"2023-02-03 00:00:00";3498;2556;1087
"2023-02-04 00:00:00";4493;3314;384
"2023-02-05 00:00:00";4796;3624;2456
"2023-02-06 00:00:00";3379;2454;1975
"2023-02-07 00:00:00";3040;2216;1630
"2023-02-08 00:00:00";2835;2090;1341
"2023-02-09 00:00:00";2817;2035;1686
"2023-02-10 00:00:00";2689;2040;1755
"2023-02-11 00:00:00";3632;2626;259
"2023-02-12 00:00:00";3752;2820;370
"2023-02-13 00:00:00";2640;1897;384
"2023-02-14 00:00:00";2362;1713;300
"2023-02-15 00:00:00";2364;1664;343
"2023-02-16 00:00:00";2328;1664;634
"2023-02-17 00:00:00";2457;1766;340
"2023-02-18 00:00:00";3067;2254;299
"2023-02-19 00:00:00";3332;2462;413
"2023-02-20 00:00:00";2648;1793;352
"2023-02-21 00:00:00";2343;1629;477
"2023-02-22 00:00:00";2156;1556;205
"2023-02-23 00:00:00";2135;1571;267
"2023-02-24 00:00:00";2142;1565;628
"2023-02-25 00:00:00";2728;1999;357
"2023-02-26 00:00:00";2897;2156;409
"2023-02-27 00:00:00";2011;1440;531
"2023-02-28 00:00:00";1912;1338;291
"2023-03-01 00:00:00";1815;1302;339
"2023-03-02 00:00:00";1808;1274;226
"2023-03-03 00:00:00";2622;1749;374
"2023-03-04 00:00:00";4246;3031;424
"2023-03-05 00:00:00";5277;3972;548
"2023-03-06 00:00:00";4160;3026;390
"2023-03-07 00:00:00";4172;3032;292
"2023-03-08 00:00:00";4114;3101;398
"2023-03-09 00:00:00";4152;3072;338
"2023-03-10 00:00:00";4236;3139;275
"2023-03-11 00:00:00";5127;3834;551
"2023-03-12 00:00:00";5452;4083;349
"2023-03-13 00:00:00";3775;2757;405
"2023-03-14 00:00:00";3529;2481;286
"2023-03-15 00:00:00";3160;2333;338
"2023-03-16 00:00:00";3037;2210;541
"2023-03-17 00:00:00";3453;2469;572
"2023-03-18 00:00:00";4770;3457;474
"2023-03-19 00:00:00";5425;3992;481
"2023-03-20 00:00:00";4087;2909;546
"2023-03-21 00:00:00";3888;2862;1104
"2023-03-22 00:00:00";3820;2818;428
"2023-03-23 00:00:00";3878;2811;454
"2023-03-24 00:00:00";3952;2881;243
"2023-03-25 00:00:00";4906;3556;414
"2023-03-26 00:00:00";5234;3755;345
"2023-03-27 00:00:00";3635;2603;369
"2023-03-28 00:00:00";3413;2405;313
"2023-03-29 00:00:00";3319;2305;1620
"2023-03-30 00:00:00";3216;2243;1794
"2023-03-31 00:00:00";3392;2321;319
"2023-04-01 00:00:00";4106;2895;561
"2023-04-02 00:00:00";4406;3120;490
"2023-04-03 00:00:00";2978;2146;2080
"2023-04-04 00:00:00";2978;2051;2345
"2023-04-05 00:00:00";2757;2115;1155
"2023-04-06 00:00:00";2825;2006;2746
"2023-04-07 00:00:00";3302;2271;228
"2023-04-08 00:00:00";3503;2507;3136
"2023-04-09 00:00:00";3411;2564;836
"2023-04-10 00:00:00";3107;2121;1792
"2023-04-11 00:00:00";2492;1732;1908
"2023-04-12 00:00:00";2364;1642;1425
"2023-04-13 00:00:00";2200;1553;842
"2023-04-14 00:00:00";2427;1689;292
"2023-04-15 00:00:00";3039;2151;246
"2023-04-16 00:00:00";3301;2328;772
"2023-04-17 00:00:00";2181;1565;812
"2023-04-18 00:00:00";2414;1661;218
"2023-04-19 00:00:00";2635;1845;980
"2023-04-20 00:00:00";2800;1988;259
"2023-04-21 00:00:00";3053;2191;217
"2023-04-22 00:00:00";3915;2868;2256
"2023-04-23 00:00:00";4683;3276;219
"2023-04-24 00:00:00";3396;2463;368
"2023-04-25 00:00:00";3176;2264;362
"2023-04-26 00:00:00";2920;2015;1420
"2023-04-27 00:00:00";2816;1982;1531
"2023-04-28 00:00:00";2776;1962;228
"2023-04-29 00:00:00";3262;2361;196
"2023-04-30 00:00:00";3535;2562;249
"2023-05-01 00:00:00";3258;2349;302
"2023-05-02 00:00:00";2476;1801;265
"2023-05-03 00:00:00";2316;1711;243
"2023-05-04 00:00:00";2174;1537;252
"2023-05-05 00:00:00";2260;1642;0
"2023-05-06 00:00:00";2926;2027;295
"2023-05-07 00:00:00";3154;2266;246
"2023-05-08 00:00:00";2279;1616;213
"2023-05-09 00:00:00";2056;1426;455
"2023-05-10 00:00:00";1977;1364;1128
"2023-05-11 00:00:00";1884;1333;1389
"2023-05-12 00:00:00";2010;1377;227
"2023-05-13 00:00:00";2423;1733;709
"2023-05-14 00:00:00";2561;1895;725
"2023-05-15 00:00:00";1901;1324;264
"2023-05-16 00:00:00";1820;1253;231
"2023-05-17 00:00:00";1767;1251;275
"2023-05-18 00:00:00";1850;1315;1142
"2023-05-19 00:00:00";1885;1312;589
"2023-05-20 00:00:00";2217;1618;241
"2023-05-21 00:00:00";2550;1785;331
"2023-05-22 00:00:00";1761;1236;266
"2023-05-23 00:00:00";1712;1174;326
"2023-05-24 00:00:00";1649;1123;492
"2023-05-25 00:00:00";1574;1125;1432
"2023-05-26 00:00:00";1683;1216;240
"2023-05-27 00:00:00";2088;1518;282
"2023-05-28 00:00:00";2233;1683;224
"2023-05-29 00:00:00";1974;1421;208
"2023-05-30 00:00:00";1711;1153;361
"2023-05-31 00:00:00";1517;1093;294
"2023-06-01 00:00:00";1462;1039;1200
"2023-06-02 00:00:00";1528;1091;224
"2023-06-03 00:00:00";1819;1388;246
"2023-06-04 00:00:00";2122;1564;277
"2023-06-05 00:00:00";1538;1110;297
"2023-06-06 00:00:00";1522;1042;264
"2023-06-07 00:00:00";1386;1013;631
"2023-06-08 00:00:00";1468;1072;8746
"2023-06-09 00:00:00";2612;1735;262
"2023-06-10 00:00:00";4567;3175;372
"2023-06-11 00:00:00";6262;4486;336
"2023-06-12 00:00:00";5121;3780;287
"2023-06-13 00:00:00";5331;3813;317
"2023-06-14 00:00:00";5552;3917;342
"2023-06-15 00:00:00";5399;3935;414
"2023-06-16 00:00:00";5465;3908;555
"2023-06-17 00:00:00";6006;4408;260
"2023-06-18 00:00:00";6396;4582;288
"2023-06-19 00:00:00";4682;3415;270
"2023-06-20 00:00:00";4357;3058;1264
"2023-06-21 00:00:00";4052;2867;230
"2023-06-22 00:00:00";3855;2847;970
"2023-06-23 00:00:00";3740;2761;262
"2023-06-24 00:00:00";4278;3155;225
"2023-06-25 00:00:00";4646;3298;196
"2023-06-26 00:00:00";3405;2502;304
"2023-06-27 00:00:00";3393;2390;243
"2023-06-28 00:00:00";3045;2235;193
"2023-06-29 00:00:00";2960;2157;1214
"2023-06-30 00:00:00";3565;2465;309
"2023-07-01 00:00:00";4794;3478;285
"2023-07-02 00:00:00";5708;4130;297
"2023-07-03 00:00:00";4783;3481;444
"2023-07-04 00:00:00";5028;3629;440
"2023-07-05 00:00:00";4762;3451;446
"2023-07-06 00:00:00";4688;3452;294
"2023-07-07 00:00:00";4956;3542;187
"2023-07-08 00:00:00";5740;4273;600
"2023-07-09 00:00:00";6524;4839;388
"2023-07-10 00:00:00";5099;3785;361
"2023-07-11 00:00:00";5045;3658;553
"2023-07-12 00:00:00";4965;3611;453
"2023-07-13 00:00:00";5059;3675;1494
"2023-07-14 00:00:00";5113;3661;723
"2023-07-15 00:00:00";5670;4197;249
"2023-07-16 00:00:00";6144;4454;421
"2023-07-17 00:00:00";4527;3392;330
"2023-07-18 00:00:00";4378;3121;386
"2023-07-19 00:00:00";4076;2971;339
"2023-07-20 00:00:00";3994;2779;921
"2023-07-21 00:00:00";3876;2739;334
"2023-07-22 00:00:00";4535;3229;372
"2023-07-23 00:00:00";4886;3510;341
"2023-07-24 00:00:00";3641;2622;308
"2023-07-25 00:00:00";4009;2766;330
"2023-07-26 00:00:00";4385;3049;586
"2023-07-27 00:00:00";4532;3262;1445
"2023-07-28 00:00:00";4919;3491;240
"2023-07-29 00:00:00";5915;4324;203
"2023-07-30 00:00:00";6988;5003;241
"2023-07-31 00:00:00";5599;4104;388
"2023-08-01 00:00:00";5390;3900;338
"2023-08-02 00:00:00";4892;3577;259
"2023-08-03 00:00:00";4807;3339;1163
"2023-08-04 00:00:00";4579;3197;869
"2023-08-05 00:00:00";5163;3682;274
"2023-08-06 00:00:00";5519;3936;1050
"2023-08-07 00:00:00";4054;2923;1509
"2023-08-08 00:00:00";3834;2696;1498
"2023-08-09 00:00:00";3614;2562;1317
"2023-08-10 00:00:00";3500;2457;2712
"2023-08-11 00:00:00";3439;2439;2319
"2023-08-12 00:00:00";4069;2931;927
"2023-08-13 00:00:00";4358;3124;1565
"2023-08-14 00:00:00";3294;2413;2145
"2023-08-15 00:00:00";3398;2347;1588
"2023-08-16 00:00:00";2928;2100;1176
"2023-08-17 00:00:00";2955;2055;2782
"2023-08-18 00:00:00";2887;2029;916
"2023-08-19 00:00:00";3493;2441;595
"2023-08-20 00:00:00";3748;2649;929
"2023-08-21 00:00:00";2722;1985;1653
"2023-08-22 00:00:00";2648;1830;1486
"2023-08-23 00:00:00";2519;1791;2674
"2023-08-24 00:00:00";2592;1807;2346
"2023-08-25 00:00:00";2714;1860;2165
"2023-08-26 00:00:00";3300;2271;701
"2023-08-27 00:00:00";3516;2483;2331
"2023-08-28 00:00:00";2535;1801;1142
"2023-08-29 00:00:00";2607;1750;1610
"2023-08-30 00:00:00";2441;1696;1498
"2023-08-31 00:00:00";2276;1596;1613
"2023-09-01 00:00:00";2324;1604;799
"2023-09-02 00:00:00";2754;1980;228
"2023-09-03 00:00:00";2995;2121;1631
"2023-09-04 00:00:00";2893;1979;1464
"2023-09-05 00:00:00";3054;2116;1255
"2023-09-06 00:00:00";3278;2247;949
"2023-09-07 00:00:00";3604;2430;1566
"2023-09-08 00:00:00";3945;2673;974
"2023-09-09 00:00:00";4927;3444;242
"2023-09-10 00:00:00";5737;3979;1237
"2023-09-11 00:00:00";4290;2938;1482
"2023-09-12 00:00:00";4018;2684;1448
"2023-09-13 00:00:00";3748;2551;1428
"2023-09-14 00:00:00";3591;2418;1385
"2023-09-15 00:00:00";3692;2416;875
"2023-09-16 00:00:00";4339;3015;472
"2023-09-17 00:00:00";4602;3181;327
"2023-09-18 00:00:00";3318;2277;339
"2023-09-19 00:00:00";3230;2123;435
"2023-09-20 00:00:00";3058;2030;248
"2023-09-21 00:00:00";3018;1952;294
"2023-09-22 00:00:00";3007;2006;255
"2023-09-23 00:00:00";3699;2536;255
"2023-09-24 00:00:00";3909;2695;390
"2023-09-25 00:00:00";2637;1826;428
"2023-09-26 00:00:00";2632;1731;222
"2023-09-27 00:00:00";2426;1671;343
"2023-09-28 00:00:00";2376;1643;259
"2023-09-29 00:00:00";2371;1682;265
"2023-09-30 00:00:00";2881;2076;257
"2023-10-01 00:00:00";3416;2314;325
"2023-10-02 00:00:00";2402;1750;366
"2023-10-03 00:00:00";2476;1689;767
"2023-10-04 00:00:00";2304;1618;356
"2023-10-05 00:00:00";2369;1627;1306
"2023-10-06 00:00:00";2487;1725;1539
"2023-10-07 00:00:00";3271;2142;690
"2023-10-08 00:00:00";3605;2380;1394
"2023-10-09 00:00:00";2616;1828;1514
"2023-10-10 00:00:00";2449;1659;713
"2023-10-11 00:00:00";2362;1608;1246
"2023-10-12 00:00:00";2478;1645;1548
"2023-10-13 00:00:00";2511;1689;411
"2023-10-14 00:00:00";3294;2182;449
"2023-10-15 00:00:00";3477;2369;419
"2023-10-16 00:00:00";2394;1620;306
"2023-10-17 00:00:00";2259;1523;486
"2023-10-18 00:00:00";2187;1507;282
"2023-10-19 00:00:00";2187;1477;705
"2023-10-20 00:00:00";2257;1542;265
"2023-10-21 00:00:00";2920;1989;175
"2023-10-22 00:00:00";3183;2172;236
"2023-10-23 00:00:00";2201;1505;249
"2023-10-24 00:00:00";2077;1419;302
"2023-10-25 00:00:00";2061;1386;494
"2023-10-26 00:00:00";1986;1349;481
"2023-10-27 00:00:00";2171;1427;225
"2023-10-28 00:00:00";2652;1804;158
"2023-10-29 00:00:00";2783;1957;715
"2023-10-30 00:00:00";1932;1384;212
"2023-10-31 00:00:00";1873;1316;683
"2023-11-01 00:00:00";2062;1394;178
"2023-11-02 00:00:00";1944;1307;214
"2023-11-03 00:00:00";1928;1359;164
"2023-11-04 00:00:00";2466;1731;380
"2023-11-05 00:00:00";2715;1891;375
"2023-11-06 00:00:00";1813;1279;360
"2023-11-07 00:00:00";1714;1193;720
"2023-11-08 00:00:00";1689;1158;221
"2023-11-09 00:00:00";1599;1140;219
"2023-11-10 00:00:00";1757;1231;163
"2023-11-11 00:00:00";2260;1569;194
"2023-11-12 00:00:00";2474;1753;186
"2023-11-13 00:00:00";1740;1201;235
"2023-11-14 00:00:00";1653;1156;216
"2023-11-15 00:00:00";1621;1117;166
"2023-11-16 00:00:00";1556;1097;147
"2023-11-17 00:00:00";1663;1160;399
"2023-11-18 00:00:00";2171;1507;505
"2023-11-19 00:00:00";2376;1662;533
"2023-11-20 00:00:00";1698;1154;488
"2023-11-21 00:00:00";1630;1136;421
"2023-11-22 00:00:00";2188;1472;397
"2023-11-23 00:00:00";2684;1942;377
"2023-11-24 00:00:00";3328;2362;469
"2023-11-25 00:00:00";4490;3270;389
"2023-11-26 00:00:00";5357;3913;416
"2023-11-27 00:00:00";4081;3015;345
"2023-11-28 00:00:00";4269;3151;479
"2023-11-29 00:00:00";4305;3131;323
"2023-11-30 00:00:00";4022;2906;2454
"2023-12-01 00:00:00";4072;2853;189
"2023-12-02 00:00:00";5038;3544;233
"2023-12-03 00:00:00";5121;3689;235
"2023-12-04 00:00:00";3507;2578;199
"2023-12-05 00:00:00";3394;2407;227
"2023-12-06 00:00:00";3209;2325;183
"2023-12-07 00:00:00";3039;2170;229
"2023-12-08 00:00:00";3860;2673;242
"2023-12-09 00:00:00";5487;3973;250
"2023-12-10 00:00:00";6745;4908;213
"2023-12-11 00:00:00";5057;3787;187
"2023-12-12 00:00:00";5107;3769;346
"2023-12-13 00:00:00";5157;3838;189
"2023-12-14 00:00:00";5094;3782;414
"2023-12-15 00:00:00";5270;3825;231
"2023-12-16 00:00:00";6170;4497;540
"2023-12-17 00:00:00";6347;4685;516
"2023-12-18 00:00:00";4500;3432;343
"2023-12-19 00:00:00";4411;3217;961
"2023-12-20 00:00:00";4084;3047;534
"2023-12-21 00:00:00";4098;3002;1362
"2023-12-22 00:00:00";4470;3193;766
"2023-12-23 00:00:00";5525;4003;540
"2023-12-24 00:00:00";5702;4151;173
"2023-12-25 00:00:00";5476;4023;582
"2023-12-26 00:00:00";6026;4404;716
"2023-12-27 00:00:00";5738;4321;526
"2023-12-28 00:00:00";5839;4364;341
"2023-12-29 00:00:00";6056;4490;419
"2023-12-30 00:00:00";6719;5000;410
"2023-12-31 00:00:00";6705;4864;349
"2024-01-01 00:00:00";6859;5116;361
"2024-01-02 00:00:00";6321;4680;532
"2024-01-03 00:00:00";5896;4418;526
"2024-01-04 00:00:00";5893;4369;238
"2024-01-05 00:00:00";5982;4348;608
"2024-01-06 00:00:00";6882;5033;773
"2024-01-07 00:00:00";6968;5180;615
"2024-01-08 00:00:00";4737;3614;466
"2024-01-09 00:00:00";4462;3281;509
"2024-01-10 00:00:00";4212;3122;627
"2024-01-11 00:00:00";3987;2941;479
"2024-01-12 00:00:00";4269;3052;843
"2024-01-13 00:00:00";5475;3878;921
"2024-01-14 00:00:00";5709;4145;602
"2024-01-15 00:00:00";4070;2987;775
"2024-01-16 00:00:00";3735;2780;694
"2024-01-17 00:00:00";3656;2680;674
"2024-01-18 00:00:00";3462;2578;643
"2024-01-19 00:00:00";3731;2634;681
"2024-01-20 00:00:00";4700;3339;579
"2024-01-21 00:00:00";4942;3562;717
"2024-01-22 00:00:00";3407;2478;329
"2024-01-23 00:00:00";3174;2305;955
"2024-01-24 00:00:00";3117;2239;753
"2024-01-25 00:00:00";2946;2129;406
"2024-01-26 00:00:00";3024;2196;425
"2024-01-27 00:00:00";3917;2823;586
"2024-01-28 00:00:00";4227;3016;686
"2024-01-29 00:00:00";2903;2096;440
"2024-01-30 00:00:00";2810;1998;625
"2024-01-31 00:00:00";2654;1910;594
"2024-02-01 00:00:00";2623;1877;437
"2024-02-02 00:00:00";2754;1955;289
"2024-02-03 00:00:00";3501;2518;480
"2024-02-04 00:00:00";3919;2681;733
"2024-02-05 00:00:00";2683;1914;852
"2024-02-06 00:00:00";2548;1803;825
"2024-02-07 00:00:00";2419;1734;396
"2024-02-08 00:00:00";2370;1722;612
"2024-02-09 00:00:00";2414;1748;486
"2024-02-10 00:00:00";3039;2143;326
"2024-02-11 00:00:00";3477;2367;321
"2024-02-12 00:00:00";2466;1786;505
"2024-02-13 00:00:00";2425;1700;796
"2024-02-14 00:00:00";2161;1556;612
"2024-02-15 00:00:00";2154;1561;773
"2024-02-16 00:00:00";2935;2074;783
"2024-02-17 00:00:00";4419;3180;297
"2024-02-18 00:00:00";5565;3918;521
"2024-02-19 00:00:00";4525;3276;582
"2024-02-20 00:00:00";4133;3181;793
"2024-02-21 00:00:00";4139;3140;506
"2024-02-22 00:00:00";4213;3131;641
"2024-02-23 00:00:00";4608;3337;368
"2024-02-24 00:00:00";5658;4102;288
"2024-02-25 00:00:00";6248;4468;470
"2024-02-26 00:00:00";4439;3303;397
"2024-02-27 00:00:00";4314;3169;541
"2024-02-28 00:00:00";4323;3163;342
"2024-02-29 00:00:00";4264;3104;401
"2024-03-01 00:00:00";4469;3179;406
"2024-03-02 00:00:00";5368;3896;342
"2024-03-03 00:00:00";5654;4052;370
"2024-03-04 00:00:00";3841;2808;789
"2024-03-05 00:00:00";3706;2596;287
"2024-03-06 00:00:00";3405;2461;314
"2024-03-07 00:00:00";3330;2385;502
"2024-03-08 00:00:00";3668;2535;3264
"2024-03-09 00:00:00";4512;3150;431
"2024-03-10 00:00:00";4750;3386;581
"2024-03-11 00:00:00";3276;2331;1157
"2024-03-12 00:00:00";3322;2203;1934
"2024-03-13 00:00:00";2973;2086;1659
"2024-03-14 00:00:00";2912;1949;1971
"2024-03-15 00:00:00";3324;2273;1471
"2024-03-16 00:00:00";4651;3241;336
"2024-03-17 00:00:00";5412;3769;2241
"2024-03-18 00:00:00";3816;2762;1194
"2024-03-19 00:00:00";3892;2719;2014
"2024-03-20 00:00:00";3851;2750;1121
"2024-03-21 00:00:00";3842;2724;1885
"2024-03-22 00:00:00";3938;2773;820
"2024-03-23 00:00:00";4956;3499;462
"2024-03-24 00:00:00";5460;3765;1007
"2024-03-25 00:00:00";3664;2583;1422
"2024-03-26 00:00:00";3456;2346;1805
"2024-03-27 00:00:00";3172;2286;1804
"2024-03-28 00:00:00";3352;2308;1843
"2024-03-29 00:00:00";3727;2594;1055
"2024-03-30 00:00:00";3943;2799;345
"2024-03-31 00:00:00";4055;2893;1066
"2024-04-01 00:00:00";3664;2413;1165
"2024-04-02 00:00:00";3016;2005;2073
"2024-04-03 00:00:00";2911;1923;1940
"2024-04-04 00:00:00";2831;1989;1733
"2024-04-05 00:00:00";2772;1980;882
"2024-04-06 00:00:00";3339;2352;555
"2024-04-07 00:00:00";3655;2466;1059
"2024-04-08 00:00:00";2586;1801;1194
"2024-04-09 00:00:00";2591;1729;2068
"2024-04-10 00:00:00";2431;1665;1210
"2024-04-11 00:00:00";2355;1604;1740
"2024-04-12 00:00:00";2433;1653;1281
"2024-04-13 00:00:00";2966;2090;368
"2024-04-14 00:00:00";3269;2260;1084
"2024-04-15 00:00:00";2265;1556;1257
"2024-04-16 00:00:00";2236;1492;2003
"2024-04-17 00:00:00";2185;1470;2178
"2024-04-18 00:00:00";2164;1450;1632
"2024-04-19 00:00:00";2431;1535;890
"2024-04-20 00:00:00";2999;1992;323
"2024-04-21 00:00:00";3255;2172;943
"2024-04-22 00:00:00";2152;1482;1228
"2024-04-23 00:00:00";2191;1424;655
"2024-04-24 00:00:00";1975;1343;401
"2024-04-25 00:00:00";1935;1339;538
"2024-04-26 00:00:00";2020;1360;282
"2024-04-27 00:00:00";2450;1735;268
"2024-04-28 00:00:00";2800;1900;264
"2024-04-29 00:00:00";1931;1363;321
"2024-04-30 00:00:00";1932;1341;305
"2024-05-01 00:00:00";2333;1600;153
"2024-05-02 00:00:00";1806;1307;340
"2024-05-03 00:00:00";1980;1394;384
"2024-05-04 00:00:00";2375;1683;278
"2024-05-05 00:00:00";2715;1826;364
"2024-05-06 00:00:00";1926;1355;237
"2024-05-07 00:00:00";1853;1228;333
"2024-05-08 00:00:00";1772;1223;513
"2024-05-09 00:00:00";1930;1271;1167
"2024-05-10 00:00:00";1801;1240;894
"2024-05-11 00:00:00";2166;1517;247
"2024-05-12 00:00:00";2420;1688;193
"2024-05-13 00:00:00";1718;1216;335
"2024-05-14 00:00:00";1715;1173;541
"2024-05-15 00:00:00";1661;1163;830
"2024-05-16 00:00:00";2210;1498;1365
"2024-05-17 00:00:00";3077;2086;703
"2024-05-18 00:00:00";4228;2999;195
"2024-05-19 00:00:00";5176;3760;603
"2024-05-20 00:00:00";4621;3148;400
"2024-05-21 00:00:00";4369;2999;1926
"2024-05-22 00:00:00";4466;3113;1391
"2024-05-23 00:00:00";4327;3078;1351
"2024-05-24 00:00:00";4581;3224;433
"2024-05-25 00:00:00";5541;4032;260
"2024-05-26 00:00:00";6425;4591;706
"2024-05-27 00:00:00";5041;3531;722
"2024-05-28 00:00:00";4463;3093;866
"2024-05-29 00:00:00";4249;2924;1284
"2024-05-30 00:00:00";4431;2978;413
"2024-05-31 00:00:00";4133;2822;335
"2024-06-01 00:00:00";4737;3310;263
"2024-06-02 00:00:00";5044;3523;486
"2024-06-03 00:00:00";3461;2421;486
"2024-06-04 00:00:00";3367;2309;987
"2024-06-05 00:00:00";3156;2160;718
"2024-06-06 00:00:00";3057;2137;369
"2024-06-07 00:00:00";3132;2153;519
"2024-06-08 00:00:00";3760;2623;312
"2024-06-09 00:00:00";1957;3001;269
"2024-06-09 01:00:00";2015;3000;248
"2024-06-09 02:00:00";2103;2992;170
"2024-06-09 03:00:00";2130;2981;153
"2024-06-09 04:00:00";2100;2965;122
"2024-06-09 05:00:00";2185;2949;132
"2024-06-09 06:00:00";2335;2928;127
"2024-06-09 07:00:00";2580;2906;132
"2024-06-09 08:00:00";2888;2878;158
"2024-06-09 09:00:00";3070;2843;156
"2024-06-09 10:00:00";3184;2804;142
"2024-06-09 11:00:00";3404;2765;197
"2024-06-09 12:00:00";3675;2723;201
"2024-06-09 13:00:00";4011;2680;246
"2024-06-09 14:00:00";4157;2630;280
"2024-06-09 15:00:00";4148;2581;268
"2024-06-09 16:00:00";4047;2532;248
"2024-06-09 17:00:00";3808;2485;173
"2024-06-09 18:00:00";3645;2448;239
"2024-06-09 19:00:00";3607;2414;255
"2024-06-09 20:00:00";3387;2379;288
"2024-06-09 21:00:00";2898;2347;301
"2024-06-09 22:00:00";2507;2321;415
"2024-06-09 23:00:00";2177;2297;402
"2024-06-10 00:00:00";1971;2278;376
"2024-06-10 01:00:00";1866;2263;165
"2024-06-10 02:00:00";1849;2251;190
"2024-06-10 03:00:00";1791;2240;228
"2024-06-10 04:00:00";1722;2227;302
"2024-06-10 05:00:00";1709;2212;323
"2024-06-10 06:00:00";1810;2195;345
"2024-06-10 07:00:00";1916;2176;337
"2024-06-10 08:00:00";2017;2157;353
"2024-06-10 09:00:00";2113;2141;355
"2024-06-10 10:00:00";2212;2124;99
"2024-06-10 11:00:00";2372;2112;87
"2024-06-10 12:00:00";2582;2101;102
"2024-06-10 13:00:00";2748;2094;128
"2024-06-10 14:00:00";2905;2093;129
"2024-06-10 15:00:00";2886;2091;128
"2024-06-10 16:00:00";2865;2086;145
"2024-06-10 17:00:00";2851;2082;198
"2024-06-10 18:00:00";2772;2075;415
"2024-06-10 19:00:00";2715;2071;312
"2024-06-10 20:00:00";2578;2069;318
"2024-06-10 21:00:00";2252;2069;351
"2024-06-10 22:00:00";1909;2069;397
"2024-06-10 23:00:00";1664;2068;299
"2024-06-11 00:00:00";1577;2066;229
"2024-06-11 01:00:00";1565;2064;156
"2024-06-11 02:00:00";1549;2062;83
"2024-06-11 03:00:00";1464;2060;97
"2024-06-11 04:00:00";1334;2061;78
"2024-06-11 05:00:00";1284;2061;62
"2024-06-11 06:00:00";1338;2060;60
"2024-06-11 07:00:00";1470;2057;50
"2024-06-11 08:00:00";1626;2057;48
"2024-06-11 09:00:00";1705;2060;53
"2024-06-11 10:00:00";1936;2063;83
"2024-06-11 11:00:00";2139;2062;86
"2024-06-11 12:00:00";2445;2064;84
"2024-06-11 13:00:00";2776;2064;109
"2024-06-11 14:00:00";2894;2061;216
"2024-06-11 15:00:00";2817;2058;216
"2024-06-11 16:00:00";2797;2059;165
"2024-06-11 17:00:00";2727;2059;169
"2024-06-11 18:00:00";2718;2055;189
"2024-06-11 19:00:00";2709;2049;226
"2024-06-11 20:00:00";2601;2040;216
"2024-06-11 21:00:00";2287;2034;173
"2024-06-11 22:00:00";1896;2028;160
"2024-06-11 23:00:00";1632;2024;190
"2024-06-12 00:00:00";1544;2022;189
"2024-06-12 01:00:00";1542;2018;173
"2024-06-12 02:00:00";1523;2014;125
"2024-06-12 03:00:00";1492;2010;110
"2024-06-12 04:00:00";1380;2006;67
"2024-06-12 05:00:00";1275;2004;70
"2024-06-12 06:00:00";1298;2002;67
"2024-06-12 07:00:00";1507;1999;56
"2024-06-12 08:00:00";1728;1995;61
"2024-06-12 09:00:00";1823;1989;62
"2024-06-12 10:00:00";1931;1982;74
"2024-06-12 11:00:00";2190;1977;187
"2024-06-12 12:00:00";2436;1970;221
"2024-06-12 13:00:00";2701;1964;191
"2024-06-12 14:00:00";2833;1956;236
"2024-06-12 15:00:00";2841;1951;273
"2024-06-12 16:00:00";2810;1944;1000
"2024-06-12 17:00:00";2626;1932;1069
"2024-06-12 18:00:00";2556;1924;927
"2024-06-12 19:00:00";2483;1920;265
"2024-06-12 20:00:00";2440;1919;195
"2024-06-12 21:00:00";2117;1915;217
"2024-06-12 22:00:00";1787;1914;258
"2024-06-12 23:00:00";1584;1915;488
"2024-06-13 00:00:00";1442;1915;194
"2024-06-13 01:00:00";1437;1914;130
"2024-06-13 02:00:00";1422;1912;108
"2024-06-13 03:00:00";1364;1911;74
"2024-06-13 04:00:00";1336;1910;82
"2024-06-13 05:00:00";1228;1908;96
"2024-06-13 06:00:00";1203;1906;98
"2024-06-13 07:00:00";1375;1909;76
"2024-06-13 08:00:00";1552;1909;56
"2024-06-13 09:00:00";1638;1908;95
"2024-06-13 10:00:00";1775;1908;98
"2024-06-13 11:00:00";1999;1910;266
"2024-06-13 12:00:00";2279;1912;231
"2024-06-13 13:00:00";2505;1914;241
"2024-06-13 14:00:00";2683;1916;233
"2024-06-13 15:00:00";2648;1918;252
"2024-06-13 16:00:00";2471;1919;229
"2024-06-13 17:00:00";2430;1925;164
"2024-06-13 18:00:00";2472;1929;164
"2024-06-13 19:00:00";2477;1930;173
"2024-06-13 20:00:00";2358;1924;165
"2024-06-13 21:00:00";2104;1921;190
"2024-06-13 22:00:00";1814;1922;165
"2024-06-13 23:00:00";1581;1928;166
"2024-06-14 00:00:00";1426;1934;147
"2024-06-14 01:00:00";1408;1938;110
"2024-06-14 02:00:00";1394;1945;99
"2024-06-14 03:00:00";1347;1955;94
"2024-06-14 04:00:00";1274;1967;100
"2024-06-14 05:00:00";1204;1983;64
"2024-06-14 06:00:00";1301;2002;59
"2024-06-14 07:00:00";1393;2020;61
"2024-06-14 08:00:00";1559;2042;56
"2024-06-14 09:00:00";1664;2065;362
"2024-06-14 10:00:00";1850;2092;80
"2024-06-14 11:00:00";2076;2114;79
"2024-06-14 12:00:00";2380;2139;92
"2024-06-14 13:00:00";2577;2161;84
"2024-06-14 14:00:00";2765;2184;97
"2024-06-14 15:00:00";2756;2207;106
"2024-06-14 16:00:00";2673;2230;198
"2024-06-14 17:00:00";2565;2253;243
"2024-06-14 18:00:00";2506;2272;264
"2024-06-14 19:00:00";2321;2285;240
"2024-06-14 20:00:00";2261;2303;248
"2024-06-14 21:00:00";2148;2319;275
"2024-06-14 22:00:00";1972;2336;311
"2024-06-14 23:00:00";1761;2348;311
"2024-06-15 00:00:00";1553;2356;335
"2024-06-15 01:00:00";1607;2365;179
"2024-06-15 02:00:00";1691;2375;139
"2024-06-15 03:00:00";1710;2385;103
"2024-06-15 04:00:00";1746;2395;71
"2024-06-15 05:00:00";1733;2405;60
"2024-06-15 06:00:00";1820;2418;68
"2024-06-15 07:00:00";2031;2432;59
"2024-06-15 08:00:00";2247;2448;86
"2024-06-15 09:00:00";2434;2466;86
"2024-06-15 10:00:00";2503;2484;85
"2024-06-15 11:00:00";2790;2503;95
"2024-06-15 12:00:00";3008;2519;139
"2024-06-15 13:00:00";3266;2534;143
"2024-06-15 14:00:00";3413;2550;256
"2024-06-15 15:00:00";3417;2565;334
"2024-06-15 16:00:00";3311;2580;589
"2024-06-15 17:00:00";3136;2595;418
"2024-06-15 18:00:00";2965;2608;254
"2024-06-15 19:00:00";2875;2622;288
"2024-06-15 20:00:00";2766;2633;302
"2024-06-15 21:00:00";2614;2639;323
"2024-06-15 22:00:00";2312;2637;284
"2024-06-15 23:00:00";1994;2635;267
"2024-06-16 00:00:00";1790;2633;213
"2024-06-16 01:00:00";1857;2631;192
"2024-06-16 02:00:00";1912;2625;147
"2024-06-16 03:00:00";1935;2615;148
"2024-06-16 04:00:00";1929;2601;84
"2024-06-16 05:00:00";1986;2584;80
"2024-06-16 06:00:00";2106;2567;79
"2024-06-16 07:00:00";2348;2546;64
"2024-06-16 08:00:00";2617;2523;67
"2024-06-16 09:00:00";2815;2497;97
"2024-06-16 10:00:00";2908;2469;226
"2024-06-16 11:00:00";3128;2442;238
"2024-06-16 12:00:00";3307;2414;199
"2024-06-16 13:00:00";3590;2388;300
"2024-06-16 14:00:00";3692;2360;308
"2024-06-16 15:00:00";3741;2334;323
"2024-06-16 16:00:00";3606;2305;329
"2024-06-16 17:00:00";3421;2280;323
"2024-06-16 18:00:00";3243;2257;236
"2024-06-16 19:00:00";3080;2235;468
"2024-06-16 20:00:00";2848;2216;473
"2024-06-16 21:00:00";2462;2201;339
"2024-06-16 22:00:00";2182;2187;242
"2024-06-16 23:00:00";1865;2175;237
"2024-06-17 00:00:00";1680;2167;195
"2024-06-17 01:00:00";1604;2157;184
"2024-06-17 02:00:00";1546;2151;186
"2024-06-17 03:00:00";1433;2144;221
"2024-06-17 04:00:00";1334;2135;201
"2024-06-17 05:00:00";1359;2127;165
"2024-06-17 06:00:00";1340;2116;110
"2024-06-17 07:00:00";1515;2104;102
"2024-06-17 08:00:00";1674;2090;85
"2024-06-17 09:00:00";1809;2076;102
"2024-06-17 10:00:00";1941;2060;111
"2024-06-17 11:00:00";2130;2045;154
"2024-06-17 12:00:00";2355;2031;197
"2024-06-17 13:00:00";2591;2019;215
"2024-06-17 14:00:00";2720;2007;236
"2024-06-17 15:00:00";2702;1994;240
"2024-06-17 16:00:00";2698;1983;339
"2024-06-17 17:00:00";2548;1970;343
"2024-06-17 18:00:00";2463;1959;344
"2024-06-17 19:00:00";2415;1950;239
"2024-06-17 20:00:00";2364;1944;192
"2024-06-17 21:00:00";2027;1934;202
"2024-06-17 22:00:00";1819;1927;242
"2024-06-17 23:00:00";1596;1921;306
"2024-06-18 00:00:00";1443;1916;277
"2024-06-18 01:00:00";1482;1915;163
"2024-06-18 02:00:00";1476;1911;124
"2024-06-18 03:00:00";1339;1907;108
"2024-06-18 04:00:00";1271;1905;102
"2024-06-18 05:00:00";1236;1902;90
"2024-06-18 06:00:00";1248;1899;77
"2024-06-18 07:00:00";1383;1896;75
"2024-06-18 08:00:00";1548;1892;89
"2024-06-18 09:00:00";1614;1885;112
"2024-06-18 10:00:00";1802;1882;124
"2024-06-18 11:00:00";2028;1877;158
"2024-06-18 12:00:00";2315;1873;199
"2024-06-18 13:00:00";2565;1868;229
"2024-06-18 14:00:00";2692;1863;213
"2024-06-18 15:00:00";2681;1859;456
"2024-06-18 16:00:00";2593;1853;329
"2024-06-18 17:00:00";2474;1848;382
"2024-06-18 18:00:00";2428;1847;362
"2024-06-18 19:00:00";2380;1848;358
"2024-06-18 20:00:00";2215;1848;539
"2024-06-18 21:00:00";1935;1848;255
"2024-06-18 22:00:00";1720;1847;361
"2024-06-18 23:00:00";1532;1846;283
"2024-06-19 00:00:00";1426;1844;273
"2024-06-19 01:00:00";1387;1842;135
"2024-06-19 02:00:00";1360;1839;132
"2024-06-19 03:00:00";1308;1838;124
"2024-06-19 04:00:00";1200;1836;81
"2024-06-19 05:00:00";1186;1835;90
"2024-06-19 06:00:00";1204;1833;113
"2024-06-19 07:00:00";1283;1831;78
"2024-06-19 08:00:00";1405;1829;64
"2024-06-19 09:00:00";1543;1827;353
"2024-06-19 10:00:00";1690;1825;361
"2024-06-19 11:00:00";1894;1823;439
"2024-06-19 12:00:00";2161;1821;477
"2024-06-19 13:00:00";2404;1818;207
"2024-06-19 14:00:00";2534;1813;193
"2024-06-19 15:00:00";2544;1809;234
"2024-06-19 16:00:00";2426;1805;338
"2024-06-19 17:00:00";2442;1802;228
"2024-06-19 18:00:00";2476;1799;232
"2024-06-19 19:00:00";2459;1796;200
"2024-06-19 20:00:00";2250;1793;211
"2024-06-19 21:00:00";1943;1789;233
"2024-06-19 22:00:00";1712;1787;204
"2024-06-19 23:00:00";1488;1785;169
"2024-06-20 00:00:00";1378;1783;153
"2024-06-20 01:00:00";1335;1781;234
"2024-06-20 02:00:00";1322;1778;304
"2024-06-20 03:00:00";1273;1776;377
"2024-06-20 04:00:00";1189;1775;387
"2024-06-20 05:00:00";1159;1774;329
"2024-06-20 06:00:00";1161;1773;312
"2024-06-20 07:00:00";1269;1772;118
"2024-06-20 08:00:00";1395;1773;103
"2024-06-20 09:00:00";1499;1772;120
"2024-06-20 10:00:00";1709;1776;153
"2024-06-20 11:00:00";1901;1776;153
"2024-06-20 12:00:00";2106;1776;156
"2024-06-20 13:00:00";2313;1777;143
"2024-06-20 14:00:00";2465;1779;114
"2024-06-20 15:00:00";2465;1778;120
"2024-06-20 16:00:00";2363;1779;171
"2024-06-20 17:00:00";2289;1779;215
"2024-06-20 18:00:00";2325;1775;202
"2024-06-20 19:00:00";2304;1771;208
"2024-06-20 20:00:00";2095;1767;207
"2024-06-20 21:00:00";1881;1768;229
"2024-06-20 22:00:00";1669;1770;167
"2024-06-20 23:00:00";1435;1774;159
"2024-06-21 00:00:00";1315;1777;149
"2024-06-21 01:00:00";1255;1779;118
"2024-06-21 02:00:00";1258;1783;217
"2024-06-21 03:00:00";1237;1791;191
"2024-06-21 04:00:00";1152;1798;193
"2024-06-21 05:00:00";1150;1807;154
"2024-06-21 06:00:00";1150;1818;60
"2024-06-21 07:00:00";1301;1833;58
"2024-06-21 08:00:00";1392;1847;62
"2024-06-21 09:00:00";1609;1864;128
"2024-06-21 10:00:00";1712;1879;122
"2024-06-21 11:00:00";1943;1895;100
"2024-06-21 12:00:00";2185;1909;83
"2024-06-21 13:00:00";2413;1922;89
"2024-06-21 14:00:00";2499;1934;115
"2024-06-21 15:00:00";2546;1950;206
"2024-06-21 16:00:00";2435;1965;179
"2024-06-21 17:00:00";2239;1976;431
"2024-06-21 18:00:00";2264;1987;958
"2024-06-21 19:00:00";2243;1996;273
"2024-06-21 20:00:00";2166;2007;274
"2024-06-21 21:00:00";1997;2017;285
"2024-06-21 22:00:00";1845;2030;188
"2024-06-21 23:00:00";1617;2041;169
"2024-06-22 00:00:00";1421;2048;138
"2024-06-22 01:00:00";1493;2057;117
"2024-06-22 02:00:00";1568;2064;129
"2024-06-22 03:00:00";1551;2072;94
"2024-06-22 04:00:00";1542;2083;97
"2024-06-22 05:00:00";1605;2094;100
"2024-06-22 06:00:00";1739;2107;109
"2024-06-22 07:00:00";1850;2121;72
"2024-06-22 08:00:00";2034;2138;71
"2024-06-22 09:00:00";2190;2155;81
"2024-06-22 10:00:00";2344;2172;93
"2024-06-22 11:00:00";2489;2188;100
"2024-06-22 12:00:00";2652;2205;66
"2024-06-22 13:00:00";2878;2222;83
"2024-06-22 14:00:00";3124;2239;135
"2024-06-22 15:00:00";3123;2252;157
"2024-06-22 16:00:00";2958;2266;153
"2024-06-22 17:00:00";2748;2282;162
"2024-06-22 18:00:00";2681;2296;152
"2024-06-22 19:00:00";2677;2309;148
"2024-06-22 20:00:00";2537;2318;166
"2024-06-22 21:00:00";2428;2326;182
"2024-06-22 22:00:00";2181;2331;187
"2024-06-22 23:00:00";1857;2333;169
"2024-06-23 00:00:00";1637;2334;210
"2024-06-23 01:00:00";1602;2335;204
"2024-06-23 02:00:00";1697;2334;302
"2024-06-23 03:00:00";1727;2331;287
"2024-06-23 04:00:00";1686;2324;292
"2024-06-23 05:00:00";1731;2316;268
"2024-06-23 06:00:00";1920;2305;143
"2024-06-23 07:00:00";2118;2293;68
"2024-06-23 08:00:00";2305;2279;58
"2024-06-23 09:00:00";2474;2263;72
"2024-06-23 10:00:00";2620;2247;72
"2024-06-23 11:00:00";2851;2234;73
"2024-06-23 12:00:00";3039;2221;91
"2024-06-23 13:00:00";3140;2205;99
"2024-06-23 14:00:00";3243;2189;99
"2024-06-23 15:00:00";3324;2175;136
"2024-06-23 16:00:00";3226;2162;148
"2024-06-23 17:00:00";3066;2152;140
"2024-06-23 18:00:00";2902;2141;177
"2024-06-23 19:00:00";2771;2131;181
"2024-06-23 20:00:00";2562;2119;179
"2024-06-23 21:00:00";2343;2107;148
"2024-06-23 22:00:00";2080;2094;154
"2024-06-23 23:00:00";1761;2083;156
"2024-06-24 00:00:00";1585;2076;149
"2024-06-24 01:00:00";1471;2070;147
"2024-06-24 02:00:00";1393;2061;260
"2024-06-24 03:00:00";1312;2051;249
"2024-06-24 04:00:00";1212;2039;213
"2024-06-24 05:00:00";1098;2024;188
"2024-06-24 06:00:00";1142;2009;72
"2024-06-24 07:00:00";1249;1990;82
"2024-06-24 08:00:00";1351;1968;76
"2024-06-24 09:00:00";1470;1947;51
"2024-06-24 10:00:00";1685;1928;72
"2024-06-24 11:00:00";1906;1906;94
"2024-06-24 12:00:00";2087;1882;108
"2024-06-24 13:00:00";2279;1862;189
"2024-06-24 14:00:00";2385;1842;454
"2024-06-24 15:00:00";2435;1820;477
"2024-06-24 16:00:00";2460;1800;525
"2024-06-24 17:00:00";2330;1778;295
"2024-06-24 18:00:00";2276;1759;339
"2024-06-24 19:00:00";2165;1742;314
"2024-06-24 20:00:00";2050;1729;313
"2024-06-24 21:00:00";1797;1717;256
"2024-06-24 22:00:00";1626;1706;192
"2024-06-24 23:00:00";1428;1698;209
"2024-06-25 00:00:00";1398;1693;186
"2024-06-25 01:00:00";1292;1687;228
"2024-06-25 02:00:00";1258;1683;226
"2024-06-25 03:00:00";1195;1679;245
"2024-06-25 04:00:00";1092;1675;251
"2024-06-25 05:00:00";1103;1675;229
"2024-06-25 06:00:00";1031;1672;103
"2024-06-25 07:00:00";1139;1670;69
"2024-06-25 08:00:00";1316;1669;58
"2024-06-25 09:00:00";1444;1667;51
"2024-06-25 10:00:00";1558;1662;114
"2024-06-25 11:00:00";1724;1657;120
"2024-06-25 12:00:00";1949;1653;163
"2024-06-25 13:00:00";2157;1649;153
"2024-06-25 14:00:00";2249;1645;168
"2024-06-25 15:00:00";2229;1639;464
"2024-06-25 16:00:00";2118;1629;546
"2024-06-25 17:00:00";2055;1622;234
"2024-06-25 18:00:00";2064;1615;224
"2024-06-25 19:00:00";2067;1611;216
"2024-06-25 20:00:00";1991;1607;248
"2024-06-25 21:00:00";1766;1604;264
"2024-06-25 22:00:00";1555;1601;246
"2024-06-25 23:00:00";1381;1599;160
"2024-06-26 00:00:00";1296;1596;148
"2024-06-26 01:00:00";1227;1593;178
"2024-06-26 02:00:00";1175;1591;201
"2024-06-26 03:00:00";1125;1590;218
"2024-06-26 04:00:00";1082;1590;189
"2024-06-26 05:00:00";1045;1588;189
"2024-06-26 06:00:00";1051;1589;75
"2024-06-26 07:00:00";1143;1589;95
"2024-06-26 08:00:00";1238;1588;97
"2024-06-26 09:00:00";1320;1585;100
"2024-06-26 10:00:00";1473;1583;104
"2024-06-26 11:00:00";1656;1581;94
"2024-06-26 12:00:00";1914;1581;97
"2024-06-26 13:00:00";2066;1578;84
"2024-06-26 14:00:00";2174;1575;103
"2024-06-26 15:00:00";2151;1572;129
"2024-06-26 16:00:00";2049;1569;128
"2024-06-26 17:00:00";1950;1566;335
"2024-06-26 18:00:00";1954;1564;200
"2024-06-26 19:00:00";1943;1561;198
"2024-06-26 20:00:00";1818;1558;267
"2024-06-26 21:00:00";1682;1557;316
"2024-06-26 22:00:00";1507;1557;241
"2024-06-26 23:00:00";1346;1556;232
"2024-06-27 00:00:00";1215;1554;188
"2024-06-27 01:00:00";1217;1555;183
"2024-06-27 02:00:00";1214;1557;176
"2024-06-27 03:00:00";1159;1559;118
"2024-06-27 04:00:00";1043;1560;137
"2024-06-27 05:00:00";1044;1563;125
"2024-06-27 06:00:00";1048;1564;110
"2024-06-27 07:00:00";1169;1567;67
"2024-06-27 08:00:00";1253;1571;44
"2024-06-27 09:00:00";1323;1575;52
"2024-06-27 10:00:00";1454;1579;200
"2024-06-27 11:00:00";1658;1585;212
"2024-06-27 12:00:00";1852;1588;211
"2024-06-27 13:00:00";2025;1594;198
"2024-06-27 14:00:00";2088;1600;217
"2024-06-27 15:00:00";2076;1608;217
"2024-06-27 16:00:00";2011;1617;171
"2024-06-27 17:00:00";1983;1628;195
"2024-06-27 18:00:00";1967;1637;196
"2024-06-27 19:00:00";1989;1645;166
"2024-06-27 20:00:00";1901;1656;158
"2024-06-27 21:00:00";1746;1667;194
"2024-06-27 22:00:00";1521;1676;268
"2024-06-27 23:00:00";1353;1685;402
"2024-06-28 00:00:00";1250;1694;362
"2024-06-28 01:00:00";1271;1702;236
"2024-06-28 02:00:00";1288;1712;139
"2024-06-28 03:00:00";1284;1723;105
"2024-06-28 04:00:00";1207;1736;75
"2024-06-28 05:00:00";1154;1750;71
"2024-06-28 06:00:00";1196;1767;70
"2024-06-28 07:00:00";1342;1785;62
"2024-06-28 08:00:00";1507;1806;31
"2024-06-28 09:00:00";1627;1829;108
"2024-06-28 10:00:00";1787;1852;160
"2024-06-28 11:00:00";1972;1875;165
"2024-06-28 12:00:00";2249;1901;184
"2024-06-28 13:00:00";2557;1931;178
"2024-06-28 14:00:00";2685;1963;162
"2024-06-28 15:00:00";2688;1996;1738
"2024-06-28 16:00:00";2655;2028;2295
"2024-06-28 17:00:00";2540;2058;663
"2024-06-28 18:00:00";2448;2084;172
"2024-06-28 19:00:00";2518;2110;133
"2024-06-28 20:00:00";2503;2136;186
"2024-06-28 21:00:00";2354;2160;197
"2024-06-28 22:00:00";2113;2182;212
"2024-06-28 23:00:00";1883;2203;252
"2024-06-29 00:00:00";1712;2222;224
"2024-06-29 01:00:00";1787;2241;242
"2024-06-29 02:00:00";1850;2261;276
"2024-06-29 03:00:00";1881;2284;134
"2024-06-29 04:00:00";1941;2311;171
"2024-06-29 05:00:00";2012;2342;188
"2024-06-29 06:00:00";2121;2376;206
"2024-06-29 07:00:00";2336;2411;102
"2024-06-29 08:00:00";2519;2449;93
"2024-06-29 09:00:00";2640;2489;96
"2024-06-29 10:00:00";2815;2530;122
"2024-06-29 11:00:00";3040;2571;185
"2024-06-29 12:00:00";3380;2615;172
"2024-06-29 13:00:00";3671;2659;167
"2024-06-29 14:00:00";3832;2704;189
"2024-06-29 15:00:00";3805;2747;195
"2024-06-29 16:00:00";3710;2788;126
"2024-06-29 17:00:00";3486;2825;116
"2024-06-29 18:00:00";3355;2860;118
"2024-06-29 19:00:00";3237;2889;139
"2024-06-29 20:00:00";3058;2914;152
"2024-06-29 21:00:00";2873;2937;163
"2024-06-29 22:00:00";2652;2958;177
"2024-06-29 23:00:00";2374;2975;199
"2024-06-30 00:00:00";2152;2989;186
"2024-06-30 01:00:00";2172;3001;164
"2024-06-30 02:00:00";2382;3016;158
"2024-06-30 03:00:00";2479;3029;108
"2024-06-30 04:00:00";2553;3041;96
"2024-06-30 05:00:00";2647;3050;99
"2024-06-30 06:00:00";2777;3058;94
"2024-06-30 07:00:00";3101;3068;68
"2024-06-30 08:00:00";3425;3080;73
"2024-06-30 09:00:00";3595;3092;140
"2024-06-30 10:00:00";3768;3104;191
"2024-06-30 11:00:00";4019;3118;222
"2024-06-30 12:00:00";4359;3134;261
"2024-06-30 13:00:00";4646;3151;295
"2024-06-30 14:00:00";4766;3166;277
"2024-06-30 15:00:00";4755;3183;306
"2024-06-30 16:00:00";4532;3197;351
"2024-06-30 17:00:00";4282;3211;326
"2024-06-30 18:00:00";4079;3225;310
"2024-06-30 19:00:00";3993;3243;275
"2024-06-30 20:00:00";3720;3258;270
"2024-06-30 21:00:00";3390;3269;251
"2024-06-30 22:00:00";2975;3275;327
"2024-06-30 23:00:00";2528;3276;336
"2024-07-01 00:00:00";2271;3277;288
"2024-07-01 01:00:00";2234;3279;408
"2024-07-01 02:00:00";2159;3272;392
"2024-07-01 03:00:00";2104;3262;351
"2024-07-01 04:00:00";1919;3243;332
"2024-07-01 05:00:00";1800;3218;262
"2024-07-01 06:00:00";1844;3192;149
"2024-07-01 07:00:00";2061;3162;146
"2024-07-01 08:00:00";2161;3126;113
"2024-07-01 09:00:00";2367;3091;112
"2024-07-01 10:00:00";2664;3059;63
"2024-07-01 11:00:00";2991;3030;123
"2024-07-01 12:00:00";3390;3003;122
"2024-07-01 13:00:00";3646;2974;205
"2024-07-01 14:00:00";3855;2949;208
"2024-07-01 15:00:00";3869;2924;200
"2024-07-01 16:00:00";3742;2902;207
"2024-07-01 17:00:00";3600;2883;249
"2024-07-01 18:00:00";3627;2871;302
"2024-07-01 19:00:00";3561;2859;339
"2024-07-01 20:00:00";3309;2847;350
"2024-07-01 21:00:00";3028;2837;286
"2024-07-01 22:00:00";2558;2824;316
"2024-07-01 23:00:00";2282;2817;315
"2024-07-02 00:00:00";2142;2814;288
"2024-07-02 01:00:00";2143;2811;288
"2024-07-02 02:00:00";2171;2810;174
"2024-07-02 03:00:00";2071;2808;184
"2024-07-02 04:00:00";1928;2808;206
"2024-07-02 05:00:00";1886;2812;205
"2024-07-02 06:00:00";1951;2815;182
"2024-07-02 07:00:00";2151;2817;179
"2024-07-02 08:00:00";2300;2821;257
"2024-07-02 09:00:00";2507;2826;196
"2024-07-02 10:00:00";2841;2832;201
"2024-07-02 11:00:00";3214;2838;179
"2024-07-02 12:00:00";3479;2840;188
"2024-07-02 13:00:00";3909;2849;176
"2024-07-02 14:00:00";4076;2856;195
"2024-07-02 14:30:00";4014;;
"2024-07-02 14:40:00";4063;;
"2024-07-02 14:50:00";4076;;
"2024-07-02 15:00:00";4080;2863;168
"2024-07-02 15:10:00";4060;;168
"2024-07-02 15:20:00";4060;;168
"2024-07-02 15:30:00";4034;;168
"2024-07-02 15:40:00";4012;;168
"2024-07-02 15:50:00";3989;;168
"2024-07-02 16:00:00";3918;2869;185
"2024-07-02 16:10:00";3829;;185
"2024-07-02 16:20:00";3795;;185
"2024-07-02 16:30:00";3797;;185
"2024-07-02 16:40:00";3778;;185
"2024-07-02 16:50:00";3767;;185
"2024-07-02 17:00:00";3752;2875;207
"2024-07-02 17:10:00";3738;;207
"2024-07-02 17:20:00";3697;;207
"2024-07-02 17:30:00";3679;;207
"2024-07-02 17:40:00";3681;;207
"2024-07-02 17:50:00";3661;;207
"2024-07-02 18:00:00";3614;2879;226
"2024-07-02 18:10:00";3621;;226
"2024-07-02 18:20:00";3681;;226
"2024-07-02 18:30:00";3733;;226
"2024-07-02 18:40:00";3723;;226
"2024-07-02 18:50:00";3692;;226
"2024-07-02 19:00:00";3643;2883;223
"2024-07-02 19:10:00";3601;;223
"2024-07-02 19:20:00";3598;;223
"2024-07-02 19:30:00";3538;;223
"2024-07-02 19:40:00";3494;;223
"2024-07-02 19:50:00";3495;;223
"2024-07-02 20:00:00";3469;2890;239
"2024-07-02 20:10:00";3401;;239
"2024-07-02 20:20:00";3318;;239
"2024-07-02 20:30:00";3216;;239
"2024-07-02 20:40:00";3138;;239
"2024-07-02 20:50:00";3065;;239
"2024-07-02 21:00:00";3050;2891;369
"2024-07-02 21:10:00";2917;;369
"2024-07-02 21:20:00";2903;;369
"2024-07-02 21:30:00";2865;;369
"2024-07-02 21:40:00";2817;;369
"2024-07-02 21:50:00";2769;;369
"2024-07-02 22:00:00";2637;2895;319
"2024-07-02 22:10:00";2577;;319
"2024-07-02 22:20:00";2560;;319
"2024-07-02 22:30:00";2469;;319
"2024-07-02 22:40:00";2417;;319
"2024-07-02 22:50:00";2402;;319
"2024-07-02 23:00:00";2326;2897;294
"2024-07-02 23:10:00";2279;;294
"2024-07-02 23:20:00";2250;;294
"2024-07-02 23:30:00";2218;;294
"2024-07-02 23:40:00";2222;;294
"2024-07-02 23:50:00";2184;;294
"2024-07-03 00:00:00";2156;2898;251
"2024-07-03 00:10:00";2134;;251
"2024-07-03 00:20:00";2094;;251
"2024-07-03 00:30:00";2072;;251
"2024-07-03 00:40:00";2068;;251
"2024-07-03 00:50:00";2060;;251
"2024-07-03 01:00:00";2039;2895;321
"2024-07-03 01:10:00";2021;;321
"2024-07-03 01:20:00";2027;;321
"2024-07-03 01:30:00";2034;;321
"2024-07-03 01:40:00";2013;;321
"2024-07-03 01:50:00";2048;;321
"2024-07-03 02:00:00";2039;2895;327
"2024-07-03 02:10:00";2065;;327
"2024-07-03 02:20:00";2077;;327
"2024-07-03 02:30:00";2109;;327
"2024-07-03 02:40:00";2083;;327
"2024-07-03 02:50:00";2067;;327
"2024-07-03 03:00:00";2053;2894;278
"2024-07-03 03:10:00";2038;;278
"2024-07-03 03:20:00";2039;;278
"2024-07-03 03:30:00";2037;;278
"2024-07-03 03:40:00";2021;;278
"2024-07-03 03:50:00";2008;;278
"2024-07-03 04:00:00";1999;2898;312
"2024-07-03 04:10:00";2004;;312
"2024-07-03 04:20:00";1973;;312
"2024-07-03 04:30:00";1942;;312
"2024-07-03 04:40:00";1916;;312
"2024-07-03 04:50:00";1922;;312
"2024-07-03 05:00:00";1914;2898;279
"2024-07-03 05:10:00";1868;;279
"2024-07-03 05:20:00";1866;;279
"2024-07-03 05:30:00";1859;;279
"2024-07-03 05:40:00";1872;;279
"2024-07-03 05:50:00";1854;;279
"2024-07-03 06:00:00";1845;2898;126
"2024-07-03 06:10:00";1843;;126
"2024-07-03 06:20:00";1853;;126
"2024-07-03 06:30:00";1873;;126
"2024-07-03 06:40:00";1894;;126
"2024-07-03 06:50:00";1908;;126
"2024-07-03 07:00:00";1958;2898;116
"2024-07-03 07:10:00";1975;;116
"2024-07-03 07:20:00";2007;;116
"2024-07-03 07:30:00";2008;;116
"2024-07-03 07:40:00";2076;;116
"2024-07-03 07:50:00";2137;;116
"2024-07-03 08:00:00";2188;2900;137
"2024-07-03 08:10:00";2199;;137
"2024-07-03 08:20:00";2260;;137
"2024-07-03 08:30:00";2283;;137
"2024-07-03 08:40:00";2318;;137
"2024-07-03 08:50:00";2350;;137
"2024-07-03 09:00:00";2366;2901;127
"2024-07-03 09:10:00";2394;;127
"2024-07-03 09:20:00";2454;;127
"2024-07-03 09:30:00";2488;;127
"2024-07-03 09:40:00";2494;;127
"2024-07-03 09:50:00";2537;;127
"2024-07-03 10:00:00";2560;2899;144
"2024-07-03 10:10:00";2579;;144
"2024-07-03 10:20:00";2655;;144
"2024-07-03 10:30:00";2675;;144
"2024-07-03 10:40:00";2726;;144
"2024-07-03 10:50:00";2771;;144
"2024-07-03 11:00:00";2802;2897;225
"2024-07-03 11:10:00";2868;;225
"2024-07-03 11:20:00";2939;;225
"2024-07-03 11:30:00";3010;;225
"2024-07-03 11:40:00";3064;;225
"2024-07-03 11:50:00";3133;;225
"2024-07-03 12:00:00";3203;2899;174
"2024-07-03 12:10:00";3277;;174
"2024-07-03 12:20:00";3361;;174
"2024-07-03 12:30:00";3405;;174
"2024-07-03 12:40:00";3437;;174
"2024-07-03 12:50:00";3510;;174
"2024-07-03 13:00:00";3556;2901;125
"2024-07-03 13:10:00";3647;;125
"2024-07-03 13:20:00";3740;;125
"2024-07-03 13:30:00";3793;;125
"2024-07-03 13:40:00";3860;;125
"2024-07-03 13:50:00";3902;;125
"2024-07-03 14:00:00";3959;2903;122
"2024-07-03 14:10:00";4009;;122
"2024-07-03 14:20:00";4075;;122
"2024-07-03 14:30:00";4085;;122
"2024-07-03 14:40:00";4081;;122
"2024-07-03 14:50:00";4118;;122
"2024-07-03 15:00:00";4127;2905;146
"2024-07-03 15:10:00";4096;;146
"2024-07-03 15:20:00";4098;;146
"2024-07-03 15:30:00";4073;;146
"2024-07-03 15:40:00";4036;;146
"2024-07-03 15:50:00";4006;;146
"2024-07-03 16:00:00";3970;2908;195
"2024-07-03 16:10:00";3910;;195
"2024-07-03 16:20:00";3871;;195
"2024-07-03 16:30:00";3855;;195
"2024-07-03 16:40:00";3841;;195
"2024-07-03 16:50:00";3846;;195
"2024-07-03 17:00:00";3843;2913;213
"2024-07-03 17:10:00";3849;;213
"2024-07-03 17:20:00";3849;;213
"2024-07-03 17:30:00";3856;;213
"2024-07-03 17:40:00";3852;;213
"2024-07-03 17:50:00";3860;;213
"2024-07-03 18:00:00";3871;2919;228
"2024-07-03 18:10:00";3855;;228
"2024-07-03 18:20:00";3807;;228
"2024-07-03 18:30:00";3819;;228
"2024-07-03 18:40:00";3830;;228
"2024-07-03 18:50:00";3844;;228
"2024-07-03 19:00:00";3810;2926;248
"2024-07-03 19:10:00";3778;;248
"2024-07-03 19:20:00";3759;;248
"2024-07-03 19:30:00";3702;;248
"2024-07-03 19:40:00";3668;;248
"2024-07-03 19:50:00";3586;;248
"2024-07-03 20:00:00";3528;2929;257
"2024-07-03 20:10:00";3480;;257
"2024-07-03 20:20:00";3459;;257
"2024-07-03 20:30:00";3364;;257
"2024-07-03 20:40:00";3285;;257
"2024-07-03 20:50:00";3249;;257
"2024-07-03 21:00:00";3196;2935;369
"2024-07-03 21:10:00";3132;;369
"2024-07-03 21:20:00";3071;;369
"2024-07-03 21:30:00";2986;;369
"2024-07-03 21:40:00";2908;;369
"2024-07-03 21:50:00";2855;;369
"2024-07-03 22:00:00";2753;2940;552
"2024-07-03 22:10:00";2694;;552
"2024-07-03 22:20:00";2620;;552
"2024-07-03 22:30:00";2538;;552
"2024-07-03 22:40:00";2494;;552
"2024-07-03 22:50:00";2431;;552
"2024-07-03 23:00:00";2379;2944;415
"2024-07-03 23:10:00";2352;;415
"2024-07-03 23:20:00";2276;;415
"2024-07-03 23:30:00";2246;;415
"2024-07-03 23:40:00";2234;;415
"2024-07-03 23:50:00";2199;;415
"2024-07-04 00:00:00";2195;2946;307
"2024-07-04 00:10:00";2176;;307
"2024-07-04 00:20:00";2182;;307
"2024-07-04 00:30:00";2188;;307
"2024-07-04 00:40:00";2176;;307
"2024-07-04 00:50:00";2172;;307
"2024-07-04 01:00:00";2165;2952;130
"2024-07-04 01:10:00";2171;;130
"2024-07-04 01:20:00";2197;;130
"2024-07-04 01:30:00";2169;;130
"2024-07-04 01:40:00";2165;;130
"2024-07-04 01:50:00";2154;;130
"2024-07-04 02:00:00";2145;2953;136
"2024-07-04 02:10:00";2144;;136
"2024-07-04 02:20:00";2158;;136
"2024-07-04 02:30:00";2153;;136
"2024-07-04 02:40:00";2170;;136
"2024-07-04 02:50:00";2145;;136
"2024-07-04 03:00:00";2145;2956;110
"2024-07-04 03:10:00";2138;;110
"2024-07-04 03:20:00";2116;;110
"2024-07-04 03:30:00";2115;;110
"2024-07-04 03:40:00";2098;;110
"2024-07-04 03:50:00";2049;;110
"2024-07-04 04:00:00";2003;2956;96
"2024-07-04 04:10:00";1996;;96
"2024-07-04 04:20:00";2001;;96
"2024-07-04 04:30:00";1979;;96
"2024-07-04 04:40:00";1982;;96
"2024-07-04 04:50:00";1998;;96
"2024-07-04 05:00:00";2008;2960;93
"2024-07-04 05:10:00";1995;;93
"2024-07-04 05:20:00";1956;;93
"2024-07-04 05:30:00";1951;;93
"2024-07-04 05:40:00";1962;;93
"2024-07-04 05:50:00";1949;;93
"2024-07-04 06:00:00";1968;2962;59
"2024-07-04 06:10:00";1966;;59
"2024-07-04 06:20:00";1970;;59
"2024-07-04 06:30:00";1976;;59
"2024-07-04 06:40:00";1965;;59
"2024-07-04 06:50:00";1962;;59
"2024-07-04 07:00:00";1987;2964;63
"2024-07-04 07:10:00";1977;;63
"2024-07-04 07:20:00";2028;;63
"2024-07-04 07:30:00";2067;;63
"2024-07-04 07:40:00";2109;;63
"2024-07-04 07:50:00";2170;;63
"2024-07-04 08:00:00";2212;2966;118
"2024-07-04 08:10:00";2262;;118
"2024-07-04 08:20:00";2299;;118
"2024-07-04 08:30:00";2329;;118
"2024-07-04 08:40:00";2365;;118
"2024-07-04 08:50:00";2401;;118
"2024-07-04 09:00:00";2427;2967;113
"2024-07-04 09:10:00";2481;;113
"2024-07-04 09:20:00";2496;;113
"2024-07-04 09:30:00";2529;;113
"2024-07-04 09:40:00";2531;;113
"2024-07-04 09:50:00";2557;;113
"2024-07-04 10:00:00";2612;2971;58
"2024-07-04 10:10:00";2612;;58
"2024-07-04 10:20:00";2688;;58
"2024-07-04 10:30:00";2746;;58
"2024-07-04 10:40:00";2819;;58
"2024-07-04 10:50:00";2859;;58
"2024-07-04 11:00:00";2919;2979;62
"2024-07-04 11:10:00";2997;;62
"2024-07-04 11:20:00";3100;;62
"2024-07-04 11:30:00";3129;;62
"2024-07-04 11:40:00";3229;;62
"2024-07-04 11:50:00";3317;;62
"2024-07-04 12:00:00";3362;2985;61
"2024-07-04 12:10:00";3397;;61
"2024-07-04 12:20:00";3485;;61
"2024-07-04 12:30:00";3565;;61
"2024-07-04 12:40:00";3629;;61
"2024-07-04 12:50:00";3713;;61
"2024-07-04 13:00:00";3781;2988;98
"2024-07-04 13:10:00";3816;;98
"2024-07-04 13:20:00";3889;;98
"2024-07-04 13:30:00";3902;;98
"2024-07-04 13:40:00";3970;;98
"2024-07-04 13:50:00";4006;;98
"2024-07-04 14:00:00";4058;2994;104
"2024-07-04 14:10:00";4090;;104
"2024-07-04 14:20:00";4132;;104
"2024-07-04 14:30:00";4162;;104
"2024-07-04 14:40:00";4223;;104
"2024-07-04 14:50:00";4251;;104
"2024-07-04 15:00:00";4249;2999;148
"2024-07-04 15:10:00";4262;;148
"2024-07-04 15:20:00";4263;;148
"2024-07-04 15:30:00";4268;;148
"2024-07-04 15:40:00";4253;;148
"2024-07-04 15:50:00";4206;;148
"2024-07-04 16:00:00";4165;3005;155
"2024-07-04 16:10:00";4138;;155
"2024-07-04 16:20:00";4100;;155
"2024-07-04 16:30:00";4069;;155
"2024-07-04 16:40:00";4058;;155
"2024-07-04 16:50:00";4031;;155
"2024-07-04 17:00:00";4018;3011;190
"2024-07-04 17:10:00";4009;;190
"2024-07-04 17:20:00";4039;;190
"2024-07-04 17:30:00";4024;;190
"2024-07-04 17:40:00";4007;;190
"2024-07-04 17:50:00";4003;;190
"2024-07-04 18:00:00";3988;3014;226
"2024-07-04 18:10:00";3939;;226
"2024-07-04 18:20:00";3939;;226
"2024-07-04 18:30:00";3958;;226
"2024-07-04 18:40:00";3977;;226
"2024-07-04 18:50:00";3973;;226
"2024-07-04 19:00:00";3983;3019;300
"2024-07-04 19:10:00";3956;;300
"2024-07-04 19:20:00";3948;;300
"2024-07-04 19:30:00";3895;;300
"2024-07-04 19:40:00";3857;;300
"2024-07-04 19:50:00";3809;;300
"2024-07-04 20:00:00";3758;3026;279
"2024-07-04 20:10:00";3690;;279
"2024-07-04 20:20:00";3646;;279
"2024-07-04 20:30:00";3616;;279
"2024-07-04 20:40:00";3536;;279
"2024-07-04 20:50:00";3452;;279
"2024-07-04 21:00:00";3368;3032;188
"2024-07-04 21:10:00";3289;;188
"2024-07-04 21:20:00";3245;;188
"2024-07-04 21:30:00";3172;;188
"2024-07-04 21:40:00";3101;;188
"2024-07-04 21:50:00";3037;;188
"2024-07-04 22:00:00";2975;3041;178
"2024-07-04 22:10:00";2905;;178
"2024-07-04 22:20:00";2812;;178
"2024-07-04 22:30:00";2722;;178
"2024-07-04 22:40:00";2648;;178
"2024-07-04 22:50:00";2565;;178
"2024-07-04 23:00:00";2522;3047;208
"2024-07-04 23:10:00";2499;;208
"2024-07-04 23:20:00";2461;;208
"2024-07-04 23:30:00";2448;;208
"2024-07-04 23:40:00";2387;;208
"2024-07-04 23:50:00";2326;;208
"2024-07-05 00:00:00";2270;3052;225
"2024-07-05 00:10:00";2224;;225
"2024-07-05 00:20:00";2221;;225
"2024-07-05 00:30:00";2185;;225
"2024-07-05 00:40:00";2201;;225
"2024-07-05 00:50:00";2190;;225
"2024-07-05 01:00:00";2153;3053;284
"2024-07-05 01:10:00";2125;;284
"2024-07-05 01:20:00";2133;;284
"2024-07-05 01:30:00";2157;;284
"2024-07-05 01:40:00";2151;;284
"2024-07-05 01:50:00";2158;;284
"2024-07-05 02:00:00";2170;3056;310
"2024-07-05 02:10:00";2191;;310
"2024-07-05 02:20:00";2165;;310
"2024-07-05 02:30:00";2167;;310
"2024-07-05 02:40:00";2168;;310
"2024-07-05 02:50:00";2184;;310
"2024-07-05 03:00:00";2163;3060;315
"2024-07-05 03:10:00";2148;;315
"2024-07-05 03:20:00";2129;;315
"2024-07-05 03:30:00";2107;;315
"2024-07-05 03:40:00";2094;;315
"2024-07-05 03:50:00";2075;;315
"2024-07-05 04:00:00";2056;3065;278
"2024-07-05 04:10:00";2048;;278
"2024-07-05 04:20:00";2029;;278
"2024-07-05 04:30:00";2034;;278
"2024-07-05 04:40:00";2041;;278
"2024-07-05 04:50:00";1993;;278
"2024-07-05 05:00:00";1989;3069;58
"2024-07-05 05:10:00";1961;;58
"2024-07-05 05:20:00";1955;;58
"2024-07-05 05:30:00";1962;;58
"2024-07-05 05:40:00";1969;;58
"2024-07-05 05:50:00";2010;;58
"2024-07-05 06:00:00";2019;3077;69
"2024-07-05 06:10:00";2038;;69
"2024-07-05 06:20:00";2060;;69
"2024-07-05 06:30:00";2071;;69
"2024-07-05 06:40:00";2063;;69
"2024-07-05 06:50:00";2098;;69
"2024-07-05 07:00:00";2143;3084;60
"2024-07-05 07:10:00";2162;;60
"2024-07-05 07:20:00";2214;;60
"2024-07-05 07:30:00";2196;;60
"2024-07-05 07:40:00";2206;;60
"2024-07-05 07:50:00";2236;;60
"2024-07-05 08:00:00";2254;3093;53
"2024-07-05 08:10:00";2299;;53
"2024-07-05 08:20:00";2350;;53
"2024-07-05 08:30:00";2411;;53
"2024-07-05 08:40:00";2466;;53
"2024-07-05 08:50:00";2526;;53
"2024-07-05 09:00:00";2537;3104;52
"2024-07-05 09:10:00";2587;;52
"2024-07-05 09:20:00";2613;;52
"2024-07-05 09:30:00";2645;;52
"2024-07-05 09:40:00";2678;;52
"2024-07-05 09:50:00";2719;;52
"2024-07-05 10:00:00";2784;3114;53
"2024-07-05 10:10:00";2793;;53
"2024-07-05 10:20:00";2825;;53
"2024-07-05 10:30:00";2873;;53
"2024-07-05 10:40:00";2928;;53
"2024-07-05 10:50:00";3009;;53
"2024-07-05 11:00:00";3046;3118;63
"2024-07-05 11:10:00";3082;;63
"2024-07-05 11:20:00";3117;;63
"2024-07-05 11:30:00";3174;;63
"2024-07-05 11:40:00";3227;;63
"2024-07-05 11:50:00";3297;;63
"2024-07-05 12:00:00";3315;3120;71
"2024-07-05 12:10:00";3370;;71
"2024-07-05 12:20:00";3490;;71
"2024-07-05 12:30:00";3567;;71
"2024-07-05 12:40:00";3594;;71
"2024-07-05 12:50:00";3651;;71
"2024-07-05 13:00:00";3749;3128;68
"2024-07-05 13:10:00";3775;;68
"2024-07-05 13:20:00";3855;;68
"2024-07-05 13:30:00";3944;;68
"2024-07-05 13:40:00";4037;;68
"2024-07-05 13:50:00";4094;;68
"2024-07-05 14:00:00";4154;3134;145
"2024-07-05 14:10:00";4191;;145
"2024-07-05 14:20:00";4222;;145
"2024-07-05 14:30:00";4234;;145
"2024-07-05 14:40:00";4259;;145
"2024-07-05 14:50:00";4295;;145
"2024-07-05 15:00:00";4275;3139;160
"2024-07-05 15:10:00";4281;;160
"2024-07-05 15:20:00";4269;;160
"2024-07-05 15:30:00";4258;;160
"2024-07-05 15:40:00";4195;;160
"2024-07-05 15:50:00";4124;;160
"2024-07-05 16:00:00";4124;3143;213
"2024-07-05 16:10:00";3985;;213
"2024-07-05 16:20:00";3920;;213
"2024-07-05 16:30:00";3925;;213
"2024-07-05 16:40:00";3924;;213
"2024-07-05 16:50:00";3889;;213
"2024-07-05 17:00:00";3878;3142;212
"2024-07-05 17:10:00";3900;;212
"2024-07-05 17:20:00";3903;;212
"2024-07-05 17:30:00";3863;;212
"2024-07-05 17:40:00";3841;;212
"2024-07-05 17:50:00";3806;;212
"2024-07-05 18:00:00";3808;3141;171
"2024-07-05 18:10:00";3803;;171
"2024-07-05 18:20:00";3800;;171
"2024-07-05 18:30:00";3782;;171
"2024-07-05 18:40:00";3792;;171
"2024-07-05 18:50:00";3835;;171
"2024-07-05 19:00:00";3845;3138;245
"2024-07-05 19:10:00";3830;;245
"2024-07-05 19:20:00";3808;;245
"2024-07-05 19:30:00";3793;;245
"2024-07-05 19:40:00";3755;;245
"2024-07-05 19:50:00";3737;;245
"2024-07-05 20:00:00";3732;3140;236
"2024-07-05 20:10:00";3677;;236
"2024-07-05 20:20:00";3656;;236
"2024-07-05 20:30:00";3597;;236
"2024-07-05 20:40:00";3589;;236
"2024-07-05 20:50:00";3576;;236
"2024-07-05 21:00:00";3528;3148;259
"2024-07-05 21:10:00";3480;;259
"2024-07-05 21:20:00";3416;;259
"2024-07-05 21:30:00";3376;;259
"2024-07-05 21:40:00";3285;;259
"2024-07-05 21:50:00";3216;;259
"2024-07-05 22:00:00";3172;3157;252
"2024-07-05 22:10:00";3105;;252
"2024-07-05 22:20:00";3066;;252
"2024-07-05 22:30:00";2999;;252
"2024-07-05 22:40:00";2958;;252
"2024-07-05 22:50:00";2928;;252
"2024-07-05 23:00:00";2878;3173;170
"2024-07-05 23:10:00";2833;;170
"2024-07-05 23:20:00";2795;;170
"2024-07-05 23:30:00";2767;;170
"2024-07-05 23:40:00";2711;;170
"2024-07-05 23:50:00";2670;;170
"2024-07-06 00:00:00";2653;3188;131
"2024-07-06 00:10:00";2618;;131
"2024-07-06 00:20:00";2580;;131
"2024-07-06 00:30:00";2553;;131
"2024-07-06 00:40:00";2500;;131
"2024-07-06 00:50:00";2506;;131
"2024-07-06 01:00:00";2504;3203;105
"2024-07-06 01:10:00";2509;;105
"2024-07-06 01:20:00";2523;;105
"2024-07-06 01:30:00";2527;;105
"2024-07-06 01:40:00";2530;;105
"2024-07-06 01:50:00";2557;;105
"2024-07-06 02:00:00";2587;3221;198
"2024-07-06 02:10:00";2586;;198
"2024-07-06 02:20:00";2600;;198
"2024-07-06 02:30:00";2633;;198
"2024-07-06 02:40:00";2666;;198
"2024-07-06 02:50:00";2681;;198
"2024-07-06 03:00:00";2674;3241;184
"2024-07-06 03:10:00";2691;;184
"2024-07-06 03:20:00";2672;;184
"2024-07-06 03:30:00";2680;;184
"2024-07-06 03:40:00";2658;;184
"2024-07-06 03:50:00";2686;;184
"2024-07-06 04:00:00";2684;3264;166
"2024-07-06 04:10:00";2681;;166
"2024-07-06 04:20:00";2645;;166
"2024-07-06 04:30:00";2634;;166
"2024-07-06 04:40:00";2645;;166
"2024-07-06 04:50:00";2639;;166
"2024-07-06 05:00:00";2646;3293;55
"2024-07-06 05:10:00";2662;;55
"2024-07-06 05:20:00";2690;;55
"2024-07-06 05:30:00";2713;;55
"2024-07-06 05:40:00";2740;;55
"2024-07-06 05:50:00";2753;;55
"2024-07-06 06:00:00";2739;3324;58
"2024-07-06 06:10:00";2746;;58
"2024-07-06 06:20:00";2816;;58
"2024-07-06 06:30:00";2840;;58
"2024-07-06 06:40:00";2864;;58
"2024-07-06 06:50:00";2925;;58
"2024-07-06 07:00:00";2921;3356;94
"2024-07-06 07:10:00";2951;;94
"2024-07-06 07:20:00";2973;;94
"2024-07-06 07:30:00";2996;;94
"2024-07-06 07:40:00";3002;;94
"2024-07-06 07:50:00";3074;;94
"2024-07-06 08:00:00";3120;3389;109
"2024-07-06 08:10:00";3147;;109
"2024-07-06 08:20:00";3242;;109
"2024-07-06 08:30:00";3283;;109
"2024-07-06 08:40:00";3330;;109
"2024-07-06 08:50:00";3388;;109
"2024-07-06 09:00:00";3453;3425;128
"2024-07-06 09:10:00";3496;;128
"2024-07-06 09:20:00";3555;;128
"2024-07-06 09:30:00";3600;;128
"2024-07-06 09:40:00";3616;;128
"2024-07-06 09:50:00";3633;;128
"2024-07-06 10:00:00";3636;3458;144
"2024-07-06 10:10:00";3646;;144
"2024-07-06 10:20:00";3739;;144
"2024-07-06 10:30:00";3769;;144
"2024-07-06 10:40:00";3811;;144
"2024-07-06 10:50:00";3831;;144
"2024-07-06 11:00:00";3917;3493;155
"2024-07-06 11:10:00";3944;;155
"2024-07-06 11:20:00";4007;;155
"2024-07-06 11:30:00";4059;;155
"2024-07-06 11:40:00";4090;;155
"2024-07-06 11:50:00";4174;;155
"2024-07-06 12:00:00";4225;3532;164
"2024-07-06 12:10:00";4308;;164
"2024-07-06 12:20:00";4399;;164
"2024-07-06 12:30:00";4456;;164
"2024-07-06 12:40:00";4555;;164
"2024-07-06 12:50:00";4618;;164
"2024-07-06 13:00:00";4631;3571;237
"2024-07-06 13:10:00";4701;;237
"2024-07-06 13:20:00";4800;;237
"2024-07-06 13:30:00";4862;;237
"2024-07-06 13:40:00";4996;;237
"2024-07-06 13:50:00";5072;;237
"2024-07-06 14:00:00";5119;3609;243
"2024-07-06 14:10:00";5160;;243
"2024-07-06 14:20:00";5187;;243
"2024-07-06 14:30:00";5254;;243
"2024-07-06 14:40:00";5255;;243
"2024-07-06 14:50:00";5268;;243
"2024-07-06 15:00:00";5299;3649;274
"2024-07-06 15:10:00";5285;;274
"2024-07-06 15:20:00";5275;;274
"2024-07-06 15:30:00";5287;;274
"2024-07-06 15:40:00";5271;;274
"2024-07-06 15:50:00";5142;;274
"2024-07-06 16:00:00";5072;3687;278
"2024-07-06 16:10:00";4988;;278
"2024-07-06 16:20:00";4945;;278
"2024-07-06 16:30:00";4905;;278
"2024-07-06 16:40:00";4881;;278
"2024-07-06 16:50:00";4815;;278
"2024-07-06 17:00:00";4817;3723;287
"2024-07-06 17:10:00";4744;;287
"2024-07-06 17:20:00";4689;;287
"2024-07-06 17:30:00";4670;;287
"2024-07-06 17:40:00";4611;;287
"2024-07-06 17:50:00";4556;;287
"2024-07-06 18:00:00";4517;3751;314
"2024-07-06 18:10:00";4485;;314
"2024-07-06 18:20:00";4443;;314
"2024-07-06 18:30:00";4452;;314
"2024-07-06 18:40:00";4438;;314
"2024-07-06 18:50:00";4492;;314
"2024-07-06 19:00:00";4481;3778;300
"2024-07-06 19:10:00";4472;;300
"2024-07-06 19:20:00";4419;;300
"2024-07-06 19:30:00";4394;;300
"2024-07-06 19:40:00";4371;;300
"2024-07-06 19:50:00";4348;;300
"2024-07-06 20:00:00";4380;3804;293
"2024-07-06 20:10:00";4310;;293
"2024-07-06 20:20:00";4244;;293
"2024-07-06 20:30:00";4208;;293
"2024-07-06 20:40:00";4176;;293
"2024-07-06 20:50:00";4165;;293
"2024-07-06 21:00:00";4141;3829;318
"2024-07-06 21:10:00";4113;;318
"2024-07-06 21:20:00";4042;;318
"2024-07-06 21:30:00";4017;;318
"2024-07-06 21:40:00";3969;;318
"2024-07-06 21:50:00";3881;;318
"2024-07-06 22:00:00";3821;3855;220
"2024-07-06 22:10:00";3726;;220
"2024-07-06 22:20:00";3647;;220
"2024-07-06 22:30:00";3573;;220
"2024-07-06 22:40:00";3495;;220
"2024-07-06 22:50:00";3422;;220
"2024-07-06 23:00:00";3310;3871;212
"2024-07-06 23:10:00";3227;;212
"2024-07-06 23:20:00";3168;;212
"2024-07-06 23:30:00";3104;;212
"2024-07-06 23:40:00";3060;;212
"2024-07-06 23:50:00";3026;;212
"2024-07-07 00:00:00";2987;3883;203
"2024-07-07 00:10:00";2942;;203
"2024-07-07 00:20:00";2885;;203
"2024-07-07 00:30:00";2876;;203
"2024-07-07 00:40:00";2829;;203
"2024-07-07 00:50:00";2795;;203
"2024-07-07 01:00:00";2783;3891;211
"2024-07-07 01:10:00";2756;;211
"2024-07-07 01:20:00";2756;;211
"2024-07-07 01:30:00";2757;;211
"2024-07-07 01:40:00";2764;;211
"2024-07-07 01:50:00";2784;;211
"2024-07-07 02:00:00";2792;3897;231
"2024-07-07 02:10:00";2806;;231
"2024-07-07 02:20:00";2841;;231
"2024-07-07 02:30:00";2860;;231
"2024-07-07 02:40:00";2864;;231
"2024-07-07 02:50:00";2870;;231
"2024-07-07 03:00:00";2877;3904;222
"2024-07-07 03:10:00";2882;;222
"2024-07-07 03:20:00";2906;;222
"2024-07-07 03:30:00";2915;;222
"2024-07-07 03:40:00";2911;;222
"2024-07-07 03:50:00";2904;;222
"2024-07-07 04:00:00";2916;3916;251
"2024-07-07 04:10:00";2930;;251
"2024-07-07 04:20:00";2958;;251
"2024-07-07 04:30:00";2992;;251
"2024-07-07 04:40:00";3022;;251
"2024-07-07 04:50:00";3049;;251
"2024-07-07 05:00:00";3083;3927;203
"2024-07-07 05:10:00";3097;;203
"2024-07-07 05:20:00";3095;;203
"2024-07-07 05:30:00";3099;;203
"2024-07-07 05:40:00";3111;;203
"2024-07-07 05:50:00";3105;;203
"2024-07-07 06:00:00";3144;3937;138
"2024-07-07 06:10:00";3170;;138
"2024-07-07 06:20:00";3205;;138
"2024-07-07 06:30:00";3236;;138
"2024-07-07 06:40:00";3270;;138
"2024-07-07 06:50:00";3291;;138
"2024-07-07 07:00:00";3333;3955;86
"2024-07-07 07:10:00";3416;;86
"2024-07-07 07:20:00";3438;;86
"2024-07-07 07:30:00";3458;;86
"2024-07-07 07:40:00";3545;;86
"2024-07-07 07:50:00";3624;;86
"2024-07-07 08:00:00";3660;3974;129
"2024-07-07 08:10:00";3711;;129
"2024-07-07 08:20:00";3823;;129
"2024-07-07 08:30:00";3867;;129
"2024-07-07 08:40:00";3937;;129
"2024-07-07 08:50:00";3996;;129
"2024-07-07 09:00:00";4081;3997;144
"2024-07-07 09:10:00";4118;;144
"2024-07-07 09:20:00";4193;;144
"2024-07-07 09:30:00";4252;;144
"2024-07-07 09:40:00";4288;;144
"2024-07-07 09:50:00";4342;;144
"2024-07-07 10:00:00";4374;4020;155
"2024-07-07 10:10:00";4413;;155
"2024-07-07 10:20:00";4474;;155
"2024-07-07 10:30:00";4508;;155
"2024-07-07 10:40:00";4546;;155
"2024-07-07 10:50:00";4563;;155
"2024-07-07 11:00:00";4645;4045;173
"2024-07-07 11:10:00";4681;;173
"2024-07-07 11:20:00";4756;;173
"2024-07-07 11:30:00";4785;;173
"2024-07-07 11:40:00";4845;;173
"2024-07-07 11:50:00";4907;;173
"2024-07-07 12:00:00";4949;4069;121
"2024-07-07 12:10:00";5015;;121
"2024-07-07 12:20:00";5139;;121
"2024-07-07 12:30:00";5168;;121
"2024-07-07 12:40:00";5238;;121
"2024-07-07 12:50:00";5342;;121
"2024-07-07 13:00:00";5410;4090;162
"2024-07-07 13:10:00";5456;;162
"2024-07-07 13:20:00";5544;;162
"2024-07-07 13:30:00";5594;;162
"2024-07-07 13:40:00";5643;;162
"2024-07-07 13:50:00";5716;;162
"2024-07-07 14:00:00";5711;4112;174
"2024-07-07 14:10:00";5796;;174
"2024-07-07 14:20:00";5839;;174
"2024-07-07 14:30:00";5882;;174
"2024-07-07 14:40:00";5892;;174
"2024-07-07 14:50:00";5916;;174
"2024-07-07 15:00:00";5872;4131;212
"2024-07-07 15:10:00";5880;;212
"2024-07-07 15:20:00";5886;;212
"2024-07-07 15:30:00";5862;;212
"2024-07-07 15:40:00";5852;;212
"2024-07-07 15:50:00";5800;;212
"2024-07-07 16:00:00";5735;4154;177
"2024-07-07 16:10:00";5674;;177
"2024-07-07 16:20:00";5659;;177
"2024-07-07 16:30:00";5613;;177
"2024-07-07 16:40:00";5612;;177
"2024-07-07 16:50:00";5589;;177
"2024-07-07 17:00:00";5560;4181;197
"2024-07-07 17:10:00";5426;;197
"2024-07-07 17:20:00";5426;;197
"2024-07-07 17:30:00";5409;;197
"2024-07-07 17:40:00";5395;;197
"2024-07-07 17:50:00";5426;;197
"2024-07-07 18:00:00";5382;4212;221
"2024-07-07 18:10:00";5369;;221
"2024-07-07 18:20:00";5295;;221
"2024-07-07 18:30:00";5288;;221
"2024-07-07 18:40:00";5242;;221
"2024-07-07 18:50:00";5270;;221
"2024-07-07 19:00:00";5250;4241;401
"2024-07-07 19:10:00";5252;;401
"2024-07-07 19:20:00";5262;;401
"2024-07-07 19:30:00";5223;;401
"2024-07-07 19:40:00";5162;;401
"2024-07-07 19:50:00";5081;;401
"2024-07-07 20:00:00";5035;4265;347
"2024-07-07 20:10:00";4953;;347
"2024-07-07 20:20:00";4887;;347
"2024-07-07 20:30:00";4833;;347
"2024-07-07 20:40:00";4771;;347
"2024-07-07 20:50:00";4701;;347
"2024-07-07 21:00:00";4568;4281;481
"2024-07-07 21:10:00";4436;;481
"2024-07-07 21:20:00";4279;;481
"2024-07-07 21:30:00";4182;;481
"2024-07-07 21:40:00";4048;;481
"2024-07-07 21:50:00";3970;;481
"2024-07-07 22:00:00";3845;4281;443
"2024-07-07 22:10:00";3747;;443
"2024-07-07 22:20:00";3669;;443
"2024-07-07 22:30:00";3578;;443
"2024-07-07 22:40:00";3463;;443
"2024-07-07 22:50:00";3397;;443
"2024-07-07 23:00:00";3300;4281;243
"2024-07-07 23:10:00";3228;;243
"2024-07-07 23:20:00";3130;;243
"2024-07-07 23:30:00";3051;;243
"2024-07-07 23:40:00";3000;;243
"2024-07-07 23:50:00";2974;;243
"2024-07-08 00:00:00";2930;4279;214
"2024-07-08 00:10:00";2901;;214
"2024-07-08 00:20:00";2864;;214
"2024-07-08 00:30:00";2827;;214
"2024-07-08 00:40:00";2814;;214
"2024-07-08 00:50:00";2792;;214
"2024-07-08 01:00:00";2774;4279;172
"2024-07-08 01:10:00";2753;;172
"2024-07-08 01:20:00";2720;;172
"2024-07-08 01:30:00";2694;;172
"2024-07-08 01:40:00";2650;;172
"2024-07-08 01:50:00";2628;;172
"2024-07-08 02:00:00";2636;4270;161
"2024-07-08 02:10:00";2589;;161
"2024-07-08 02:20:00";2563;;161
"2024-07-08 02:30:00";2525;;161
"2024-07-08 02:40:00";2493;;161
"2024-07-08 02:50:00";2496;;161
"2024-07-08 03:00:00";2500;4255;150
"2024-07-08 03:10:00";2469;;150
"2024-07-08 03:20:00";2419;;150
"2024-07-08 03:30:00";2394;;150
"2024-07-08 03:40:00";2354;;150
"2024-07-08 03:50:00";2285;;150
"2024-07-08 04:00:00";2286;4226;72
"2024-07-08 04:10:00";2163;;72
"2024-07-08 04:20:00";2223;;72
"2024-07-08 04:30:00";2184;;72
"2024-07-08 04:40:00";2178;;72
"2024-07-08 04:50:00";2149;;72
"2024-07-08 05:00:00";2158;4189;64
"2024-07-08 05:10:00";2142;;64
"2024-07-08 05:20:00";2121;;64
"2024-07-08 05:30:00";2111;;64
"2024-07-08 05:40:00";2100;;64
"2024-07-08 05:50:00";2039;;64
"2024-07-08 06:00:00";2051;4145;66
"2024-07-08 06:10:00";2036;;66
"2024-07-08 06:20:00";2070;;66
"2024-07-08 06:30:00";2084;;66
"2024-07-08 06:40:00";2129;;66
"2024-07-08 06:50:00";2163;;66
"2024-07-08 07:00:00";2183;4097;64
"2024-07-08 07:10:00";2220;;64
"2024-07-08 07:20:00";2261;;64
"2024-07-08 07:30:00";2306;;64
"2024-07-08 07:40:00";2350;;64
"2024-07-08 07:50:00";2382;;64
"2024-07-08 08:00:00";2440;4043;63
"2024-07-08 08:10:00";2483;;63
"2024-07-08 08:20:00";2546;;63
"2024-07-08 08:30:00";2585;;63
"2024-07-08 08:40:00";2591;;63
"2024-07-08 08:50:00";2620;;63
"2024-07-08 09:00:00";2667;3986;61
"2024-07-08 09:10:00";2710;;61
"2024-07-08 09:20:00";2790;;61
"2024-07-08 09:30:00";2827;;61
"2024-07-08 09:40:00";2863;;61
"2024-07-08 09:50:00";2890;;61
"2024-07-08 10:00:00";2910;3934;104
"2024-07-08 10:10:00";2940;;104
"2024-07-08 10:20:00";3028;;104
"2024-07-08 10:30:00";3094;;104
"2024-07-08 10:40:00";3132;;104
"2024-07-08 10:50:00";3237;;104
"2024-07-08 11:00:00";3271;3876;128
"2024-07-08 11:10:00";3242;;128
"2024-07-08 11:20:00";3311;;128
"2024-07-08 11:30:00";3363;;128
"2024-07-08 11:40:00";3409;;128
"2024-07-08 11:50:00";3459;;128
"2024-07-08 12:00:00";3519;3822;154
"2024-07-08 12:10:00";3615;;154
"2024-07-08 12:20:00";3708;;154
"2024-07-08 12:30:00";3810;;154
"2024-07-08 12:40:00";3871;;154
"2024-07-08 12:50:00";3959;;154
"2024-07-08 13:00:00";3993;3764;148
"2024-07-08 13:10:00";4021;;148
"2024-07-08 13:20:00";4073;;148
"2024-07-08 13:30:00";4162;;148
"2024-07-08 13:40:00";4213;;148
"2024-07-08 13:50:00";4277;;148
"2024-07-08 14:00:00";4341;3709;138
"2024-07-08 14:10:00";4400;;138
"2024-07-08 14:20:00";4454;;138
"2024-07-08 14:30:00";4469;;138
"2024-07-08 14:40:00";4489;;138
"2024-07-08 14:50:00";4519;;138
"2024-07-08 15:00:00";4509;3654;120
"2024-07-08 15:10:00";4506;;120
"2024-07-08 15:20:00";4501;;120
"2024-07-08 15:30:00";4502;;120
"2024-07-08 15:40:00";4476;;120
"2024-07-08 15:50:00";4488;;120
"2024-07-08 16:00:00";4448;3601;144
"2024-07-08 16:10:00";4431;;144
"2024-07-08 16:20:00";4413;;144
"2024-07-08 16:30:00";4424;;144
"2024-07-08 16:40:00";4438;;144
"2024-07-08 16:50:00";4442;;144
"2024-07-08 17:00:00";4380;3552;267
"2024-07-08 17:10:00";4366;;267
"2024-07-08 17:20:00";4377;;267
"2024-07-08 17:30:00";4362;;267
"2024-07-08 17:40:00";4310;;267
"2024-07-08 17:50:00";4298;;267
"2024-07-08 18:00:00";4260;3506;334
"2024-07-08 18:10:00";4238;;334
"2024-07-08 18:20:00";4270;;334
"2024-07-08 18:30:00";4265;;334
"2024-07-08 18:40:00";4237;;334
"2024-07-08 18:50:00";4254;;334
"2024-07-08 19:00:00";4270;3464;320
"2024-07-08 19:10:00";4243;;320
"2024-07-08 19:20:00";4244;;320
"2024-07-08 19:30:00";4258;;320
"2024-07-08 19:40:00";4214;;320
"2024-07-08 19:50:00";4178;;320
"2024-07-08 20:00:00";4107;3426;293
"2024-07-08 20:10:00";4024;;293
"2024-07-08 20:20:00";3954;;293
"2024-07-08 20:30:00";3924;;293
"2024-07-08 20:40:00";3908;;293
"2024-07-08 20:50:00";3813;;293
"2024-07-08 21:00:00";3719;3390;435
"2024-07-08 21:10:00";3611;;435
"2024-07-08 21:20:00";3513;;435
"2024-07-08 21:30:00";3433;;435
"2024-07-08 21:40:00";3363;;435
"2024-07-08 21:50:00";3278;;435
"2024-07-08 22:00:00";3209;3364;418
"2024-07-08 22:10:00";3139;;418
"2024-07-08 22:20:00";3054;;418
"2024-07-08 22:30:00";2972;;418
"2024-07-08 22:40:00";2917;;418
"2024-07-08 22:50:00";2831;;418
"2024-07-08 23:00:00";2777;3343;416
"2024-07-08 23:10:00";2765;;416
"2024-07-08 23:20:00";2738;;416
"2024-07-08 23:30:00";2741;;416
"2024-07-08 23:40:00";2674;;416
"2024-07-08 23:50:00";2604;;416
"2024-07-09 00:00:00";2586;3329;188
"2024-07-09 00:10:00";2568;;188
"2024-07-09 00:20:00";2561;;188
"2024-07-09 00:30:00";2536;;188
"2024-07-09 00:40:00";2522;;188
"2024-07-09 00:50:00";2553;;188
"2024-07-09 01:00:00";2562;3322;132
"2024-07-09 01:10:00";2547;;132
"2024-07-09 01:20:00";2523;;132
"2024-07-09 01:30:00";2546;;132
"2024-07-09 01:40:00";2535;;132
"2024-07-09 01:50:00";2541;;132
"2024-07-09 02:00:00";2516;3318;207
"2024-07-09 02:10:00";2482;;207
"2024-07-09 02:20:00";2474;;207
"2024-07-09 02:30:00";2451;;207
"2024-07-09 02:40:00";2428;;207
"2024-07-09 02:50:00";2403;;207
"2024-07-09 03:00:00";2391;3315;231
"2024-07-09 03:10:00";2357;;231
"2024-07-09 03:20:00";2345;;231
"2024-07-09 03:30:00";2309;;231
"2024-07-09 03:40:00";2249;;231
"2024-07-09 03:50:00";2229;;231
"2024-07-09 04:00:00";2177;3311;202
"2024-07-09 04:10:00";2178;;202
"2024-07-09 04:20:00";2166;;202
"2024-07-09 04:30:00";2155;;202
"2024-07-09 04:40:00";2165;;202
"2024-07-09 04:50:00";2164;;202
"2024-07-09 05:00:00";2136;3312;207
"2024-07-09 05:10:00";2135;;207
"2024-07-09 05:20:00";2096;;207
"2024-07-09 05:30:00";2096;;207
"2024-07-09 05:40:00";2074;;207
"2024-07-09 05:50:00";2059;;207
"2024-07-09 06:00:00";2039;3313;79
"2024-07-09 06:10:00";2045;;79
"2024-07-09 06:20:00";2076;;79
"2024-07-09 06:30:00";2088;;79
"2024-07-09 06:40:00";2110;;79
"2024-07-09 06:50:00";2137;;79
"2024-07-09 07:00:00";2139;3311;52
"2024-07-09 07:10:00";2171;;52
"2024-07-09 07:20:00";2220;;52
"2024-07-09 07:30:00";2222;;52
"2024-07-09 07:40:00";2281;;52
"2024-07-09 07:50:00";2314;;52
"2024-07-09 08:00:00";2348;3310;79
"2024-07-09 08:10:00";2392;;79
"2024-07-09 08:20:00";2420;;79
"2024-07-09 08:30:00";2456;;79
"2024-07-09 08:40:00";2515;;79
"2024-07-09 08:50:00";2551;;79
"2024-07-09 09:00:00";2584;3305;95
"2024-07-09 09:10:00";2591;;95
"2024-07-09 09:20:00";2631;;95
"2024-07-09 09:30:00";2657;;95
"2024-07-09 09:40:00";2649;;95
"2024-07-09 09:50:00";2743;;95
"2024-07-09 10:00:00";2769;3299;135
"2024-07-09 10:10:00";2804;;135
"2024-07-09 10:20:00";2859;;135
"2024-07-09 10:30:00";2908;;135
"2024-07-09 10:40:00";2969;;135
"2024-07-09 10:50:00";3076;;135
"2024-07-09 11:00:00";3114;3299;72
"2024-07-09 11:10:00";3150;;72
"2024-07-09 11:20:00";3225;;72
"2024-07-09 11:30:00";3322;;72
"2024-07-09 11:40:00";3391;;72
"2024-07-09 11:50:00";3457;;72
"2024-07-09 12:00:00";3522;3292;89
"2024-07-09 12:10:00";3559;;89
"2024-07-09 12:20:00";3628;;89
"2024-07-09 12:30:00";3666;;89
"2024-07-09 12:40:00";3735;;89
"2024-07-09 12:50:00";3787;;89
"2024-07-09 13:00:00";3817;3289;103
"2024-07-09 13:10:00";3902;;103
"2024-07-09 13:20:00";3996;;103
"2024-07-09 13:30:00";4101;;103
"2024-07-09 13:40:00";4144;;103
"2024-07-09 13:50:00";4214;;103
"2024-07-09 14:00:00";4326;3286;140
"2024-07-09 14:10:00";4393;;140
"2024-07-09 14:20:00";4479;;140